2026-06-18 01:49:06,730 INFO __main__ Starting ESG corpus pipeline
2026-06-18 02:03:56,136 INFO httpx HTTP Request: HEAD https://huggingface.co/BAAI/bge-reranker-v2-m3/resolve/main/config.json "HTTP/1.1 307 Temporary Redirect"
2026-06-18 02:03:56,241 INFO httpx HTTP Request: HEAD https://huggingface.co/api/resolve-cache/models/BAAI/bge-reranker-v2-m3/953dc6f6f85a1b2dbfca4c34a2796e7dde08d41e/config.json "HTTP/1.1 200 OK"
2026-06-18 02:03:57,066 INFO httpx HTTP Request: HEAD https://huggingface.co/BAAI/bge-reranker-v2-m3/resolve/main/config.json "HTTP/1.1 307 Temporary Redirect"
2026-06-18 02:03:57,168 INFO httpx HTTP Request: HEAD https://huggingface.co/api/resolve-cache/models/BAAI/bge-reranker-v2-m3/953dc6f6f85a1b2dbfca4c34a2796e7dde08d41e/config.json "HTTP/1.1 200 OK"
2026-06-18 02:03:57,449 INFO httpx HTTP Request: HEAD https://huggingface.co/BAAI/bge-reranker-v2-m3/resolve/main/tokenizer_config.json "HTTP/1.1 307 Temporary Redirect"
2026-06-18 02:03:57,450 WARNING huggingface_hub.utils._http Warning: You are sending unauthenticated requests to the HF Hub. Please set a HF_TOKEN to enable higher rate limits and faster downloads.
2026-06-18 02:03:57,551 INFO httpx HTTP Request: HEAD https://huggingface.co/api/resolve-cache/models/BAAI/bge-reranker-v2-m3/953dc6f6f85a1b2dbfca4c34a2796e7dde08d41e/tokenizer_config.json "HTTP/1.1 200 OK"
2026-06-18 02:03:57,841 INFO httpx HTTP Request: GET https://huggingface.co/api/models/BAAI/bge-reranker-v2-m3/tree/main/additional_chat_templates?recursive=false&expand=false "HTTP/1.1 404 Not Found"
2026-06-18 02:03:58,117 INFO httpx HTTP Request: GET https://huggingface.co/api/models/BAAI/bge-reranker-v2-m3/tree/main?recursive=true&expand=false "HTTP/1.1 200 OK"
2026-06-18 02:03:59,814 INFO httpx HTTP Request: GET https://huggingface.co/api/models/BAAI/bge-reranker-v2-m3 "HTTP/1.1 200 OK"
2026-06-18 02:04:00,091 INFO httpx HTTP Request: HEAD https://huggingface.co/BAAI/bge-reranker-v2-m3/resolve/main/README.md "HTTP/1.1 307 Temporary Redirect"
2026-06-18 02:04:00,304 INFO httpx HTTP Request: HEAD https://huggingface.co/api/resolve-cache/models/BAAI/bge-reranker-v2-m3/953dc6f6f85a1b2dbfca4c34a2796e7dde08d41e/README.md "HTTP/1.1 200 OK"
2026-06-18 02:04:00,329 INFO sentence_transformers.cross_encoder.CrossEncoder Use pytorch device: cpu
2026-06-18 02:04:00,611 INFO httpx HTTP Request: GET https://huggingface.co/api/models/BAAI/bge-reranker-v2-m3 "HTTP/1.1 200 OK"
2026-06-18 08:35:05,797 INFO __main__ Starting ESG corpus pipeline
2026-06-18 08:35:35,500 INFO __main__ Completed ESG corpus pipeline in 29.665s
2026-06-18 08:39:06,136 INFO __main__ Starting ESG corpus pipeline
2026-06-18 08:39:19,416 INFO __main__ Completed ESG corpus pipeline in 12.538s
2026-06-18 09:10:19,283 INFO __main__ Starting ESG corpus pipeline
2026-06-18 09:10:47,120 WARNING pdfminer.pdfinterp Cannot set gray stroke color because /'P0' is an invalid float value
2026-06-18 09:13:24,045 WARNING pdfminer.pdfinterp Cannot set gray non-stroke color because /'P97' is an invalid float value
2026-06-18 09:13:24,047 WARNING pdfminer.pdfinterp Cannot set gray non-stroke color because /'P99' is an invalid float value
2026-06-18 09:13:24,048 WARNING pdfminer.pdfinterp Cannot set gray non-stroke color because /'P100' is an invalid float value
2026-06-18 09:13:24,050 WARNING pdfminer.pdfinterp Cannot set gray non-stroke color because /'P101' is an invalid float value
2026-06-18 09:13:24,052 WARNING pdfminer.pdfinterp Cannot set gray non-stroke color because /'P102' is an invalid float value
2026-06-18 09:13:24,055 WARNING pdfminer.pdfinterp Cannot set gray non-stroke color because /'P103' is an invalid float value
2026-06-18 09:13:24,056 WARNING pdfminer.pdfinterp Cannot set gray non-stroke color because /'P104' is an invalid float value
2026-06-18 09:13:24,062 WARNING pdfminer.pdfinterp Cannot set gray non-stroke color because /'P105' is an invalid float value
2026-06-18 09:13:24,065 WARNING pdfminer.pdfinterp Cannot set gray non-stroke color because /'P106' is an invalid float value
2026-06-18 09:13:24,067 WARNING pdfminer.pdfinterp Cannot set gray non-stroke color because /'P107' is an invalid float value
2026-06-18 09:13:24,070 WARNING pdfminer.pdfinterp Cannot set gray non-stroke color because /'P108' is an invalid float value
2026-06-18 09:13:24,078 WARNING pdfminer.pdfinterp Cannot set gray non-stroke color because /'P109' is an invalid float value
2026-06-18 09:13:24,081 WARNING pdfminer.pdfinterp Cannot set gray non-stroke color because /'P110' is an invalid float value
2026-06-18 09:13:24,083 WARNING pdfminer.pdfinterp Cannot set gray non-stroke color because /'P111' is an invalid float value
2026-06-18 09:13:24,084 WARNING pdfminer.pdfinterp Cannot set gray non-stroke color because /'P112' is an invalid float value
2026-06-18 09:13:24,089 WARNING pdfminer.pdfinterp Cannot set gray non-stroke color because /'P113' is an invalid float value
2026-06-18 09:13:24,093 WARNING pdfminer.pdfinterp Cannot set gray non-stroke color because /'P114' is an invalid float value
2026-06-18 09:13:24,096 WARNING pdfminer.pdfinterp Cannot set gray non-stroke color because /'P115' is an invalid float value
2026-06-18 09:13:24,098 WARNING pdfminer.pdfinterp Cannot set gray non-stroke color because /'P116' is an invalid float value
2026-06-18 09:13:24,099 WARNING pdfminer.pdfinterp Cannot set gray non-stroke color because /'P117' is an invalid float value
2026-06-18 09:13:24,104 WARNING pdfminer.pdfinterp Cannot set gray non-stroke color because /'P118' is an invalid float value
2026-06-18 09:13:24,106 WARNING pdfminer.pdfinterp Cannot set gray non-stroke color because /'P119' is an invalid float value
2026-06-18 09:13:24,110 WARNING pdfminer.pdfinterp Cannot set gray non-stroke color because /'P120' is an invalid float value
2026-06-18 09:13:24,113 WARNING pdfminer.pdfinterp Cannot set gray non-stroke color because /'P121' is an invalid float value
2026-06-18 09:13:24,114 WARNING pdfminer.pdfinterp Cannot set gray non-stroke color because /'P122' is an invalid float value
2026-06-18 09:13:24,116 WARNING pdfminer.pdfinterp Cannot set gray non-stroke color because /'P123' is an invalid float value
2026-06-18 09:13:24,123 WARNING pdfminer.pdfinterp Cannot set gray non-stroke color because /'P124' is an invalid float value
2026-06-18 09:13:24,125 WARNING pdfminer.pdfinterp Cannot set gray non-stroke color because /'P125' is an invalid float value
2026-06-18 09:13:24,128 WARNING pdfminer.pdfinterp Cannot set gray non-stroke color because /'P126' is an invalid float value
2026-06-18 09:13:24,129 WARNING pdfminer.pdfinterp Cannot set gray non-stroke color because /'P127' is an invalid float value
2026-06-18 09:13:24,132 WARNING pdfminer.pdfinterp Cannot set gray non-stroke color because /'P128' is an invalid float value
2026-06-18 09:13:24,138 WARNING pdfminer.pdfinterp Cannot set gray non-stroke color because /'P129' is an invalid float value
2026-06-18 09:13:24,141 WARNING pdfminer.pdfinterp Cannot set gray non-stroke color because /'P130' is an invalid float value
2026-06-18 09:13:24,143 WARNING pdfminer.pdfinterp Cannot set gray non-stroke color because /'P131' is an invalid float value
2026-06-18 09:13:24,145 WARNING pdfminer.pdfinterp Cannot set gray non-stroke color because /'P132' is an invalid float value
2026-06-18 09:13:24,146 WARNING pdfminer.pdfinterp Cannot set gray non-stroke color because /'P133' is an invalid float value
2026-06-18 09:13:24,148 WARNING pdfminer.pdfinterp Cannot set gray non-stroke color because /'P134' is an invalid float value
2026-06-18 09:13:24,154 WARNING pdfminer.pdfinterp Cannot set gray non-stroke color because /'P135' is an invalid float value
2026-06-18 09:13:24,159 WARNING pdfminer.pdfinterp Cannot set gray non-stroke color because /'P136' is an invalid float value
2026-06-18 09:13:24,162 WARNING pdfminer.pdfinterp Cannot set gray non-stroke color because /'P137' is an invalid float value
2026-06-18 09:13:24,166 WARNING pdfminer.pdfinterp Cannot set gray non-stroke color because /'P138' is an invalid float value
2026-06-18 09:13:24,175 WARNING pdfminer.pdfinterp Cannot set gray non-stroke color because /'P139' is an invalid float value
2026-06-18 09:13:24,178 WARNING pdfminer.pdfinterp Cannot set gray non-stroke color because /'P140' is an invalid float value
2026-06-18 09:13:24,181 WARNING pdfminer.pdfinterp Cannot set gray non-stroke color because /'P141' is an invalid float value
2026-06-18 09:13:24,189 WARNING pdfminer.pdfinterp Cannot set gray non-stroke color because /'P142' is an invalid float value
2026-06-18 09:13:24,192 WARNING pdfminer.pdfinterp Cannot set gray non-stroke color because /'P143' is an invalid float value
2026-06-18 09:13:24,195 WARNING pdfminer.pdfinterp Cannot set gray non-stroke color because /'P144' is an invalid float value
2026-06-18 09:13:24,197 WARNING pdfminer.pdfinterp Cannot set gray non-stroke color because /'P145' is an invalid float value
2026-06-18 09:13:24,202 WARNING pdfminer.pdfinterp Cannot set gray non-stroke color because /'P146' is an invalid float value
2026-06-18 09:13:24,208 WARNING pdfminer.pdfinterp Cannot set gray non-stroke color because /'P147' is an invalid float value
2026-06-18 09:13:24,212 WARNING pdfminer.pdfinterp Cannot set gray non-stroke color because /'P148' is an invalid float value
2026-06-18 09:13:24,215 WARNING pdfminer.pdfinterp Cannot set gray non-stroke color because /'P149' is an invalid float value
2026-06-18 09:13:24,217 WARNING pdfminer.pdfinterp Cannot set gray non-stroke color because /'P150' is an invalid float value
2026-06-18 09:13:24,219 WARNING pdfminer.pdfinterp Cannot set gray non-stroke color because /'P151' is an invalid float value
2026-06-18 09:13:24,222 WARNING pdfminer.pdfinterp Cannot set gray non-stroke color because /'P152' is an invalid float value
2026-06-18 09:13:24,224 WARNING pdfminer.pdfinterp Cannot set gray non-stroke color because /'P153' is an invalid float value
2026-06-18 09:13:24,227 WARNING pdfminer.pdfinterp Cannot set gray non-stroke color because /'P154' is an invalid float value
2026-06-18 09:13:24,230 WARNING pdfminer.pdfinterp Cannot set gray non-stroke color because /'P155' is an invalid float value
2026-06-18 09:13:24,233 WARNING pdfminer.pdfinterp Cannot set gray non-stroke color because /'P156' is an invalid float value
2026-06-18 09:13:24,235 WARNING pdfminer.pdfinterp Cannot set gray non-stroke color because /'P157' is an invalid float value
2026-06-18 09:13:24,237 WARNING pdfminer.pdfinterp Cannot set gray non-stroke color because /'P158' is an invalid float value
2026-06-18 09:13:24,240 WARNING pdfminer.pdfinterp Cannot set gray non-stroke color because /'P159' is an invalid float value
2026-06-18 09:13:24,242 WARNING pdfminer.pdfinterp Cannot set gray non-stroke color because /'P160' is an invalid float value
2026-06-18 09:13:24,243 WARNING pdfminer.pdfinterp Cannot set gray non-stroke color because /'P161' is an invalid float value
2026-06-18 09:13:24,248 WARNING pdfminer.pdfinterp Cannot set gray non-stroke color because /'P162' is an invalid float value
2026-06-18 09:13:24,250 WARNING pdfminer.pdfinterp Cannot set gray non-stroke color because /'P163' is an invalid float value
2026-06-18 09:13:24,251 WARNING pdfminer.pdfinterp Cannot set gray non-stroke color because /'P164' is an invalid float value
2026-06-18 09:13:24,255 WARNING pdfminer.pdfinterp Cannot set gray non-stroke color because /'P165' is an invalid float value
2026-06-18 09:13:24,261 WARNING pdfminer.pdfinterp Cannot set gray non-stroke color because /'P166' is an invalid float value
2026-06-18 09:13:24,263 WARNING pdfminer.pdfinterp Cannot set gray non-stroke color because /'P167' is an invalid float value
2026-06-18 09:13:24,264 WARNING pdfminer.pdfinterp Cannot set gray non-stroke color because /'P168' is an invalid float value
2026-06-18 09:13:24,266 WARNING pdfminer.pdfinterp Cannot set gray non-stroke color because /'P169' is an invalid float value
2026-06-18 09:13:24,268 WARNING pdfminer.pdfinterp Cannot set gray non-stroke color because /'P170' is an invalid float value
2026-06-18 09:13:24,269 WARNING pdfminer.pdfinterp Cannot set gray non-stroke color because /'P171' is an invalid float value
2026-06-18 09:13:24,274 WARNING pdfminer.pdfinterp Cannot set gray non-stroke color because /'P172' is an invalid float value
2026-06-18 09:13:24,276 WARNING pdfminer.pdfinterp Cannot set gray non-stroke color because /'P173' is an invalid float value
2026-06-18 09:13:24,280 WARNING pdfminer.pdfinterp Cannot set gray non-stroke color because /'P174' is an invalid float value
2026-06-18 09:13:24,283 WARNING pdfminer.pdfinterp Cannot set gray non-stroke color because /'P175' is an invalid float value
2026-06-18 09:13:24,284 WARNING pdfminer.pdfinterp Cannot set gray non-stroke color because /'P176' is an invalid float value
2026-06-18 09:13:24,289 WARNING pdfminer.pdfinterp Cannot set gray non-stroke color because /'P177' is an invalid float value
2026-06-18 09:13:24,291 WARNING pdfminer.pdfinterp Cannot set gray non-stroke color because /'P178' is an invalid float value
2026-06-18 09:13:24,296 WARNING pdfminer.pdfinterp Cannot set gray non-stroke color because /'P179' is an invalid float value
2026-06-18 09:13:24,300 WARNING pdfminer.pdfinterp Cannot set gray non-stroke color because /'P180' is an invalid float value
2026-06-18 09:13:24,303 WARNING pdfminer.pdfinterp Cannot set gray non-stroke color because /'P181' is an invalid float value
2026-06-18 09:13:24,307 WARNING pdfminer.pdfinterp Cannot set gray non-stroke color because /'P182' is an invalid float value
2026-06-18 09:13:24,310 WARNING pdfminer.pdfinterp Cannot set gray non-stroke color because /'P183' is an invalid float value
2026-06-18 09:13:24,316 WARNING pdfminer.pdfinterp Cannot set gray non-stroke color because /'P184' is an invalid float value
2026-06-18 09:13:24,320 WARNING pdfminer.pdfinterp Cannot set gray non-stroke color because /'P185' is an invalid float value
2026-06-18 09:13:24,325 WARNING pdfminer.pdfinterp Cannot set gray non-stroke color because /'P186' is an invalid float value
2026-06-18 09:13:24,329 WARNING pdfminer.pdfinterp Cannot set gray non-stroke color because /'P187' is an invalid float value
2026-06-18 09:13:24,333 WARNING pdfminer.pdfinterp Cannot set gray non-stroke color because /'P188' is an invalid float value
2026-06-18 09:13:24,338 WARNING pdfminer.pdfinterp Cannot set gray non-stroke color because /'P189' is an invalid float value
2026-06-18 09:13:26,970 WARNING pdfminer.pdfinterp Cannot set gray non-stroke color because /'P210' is an invalid float value
2026-06-18 09:13:26,973 WARNING pdfminer.pdfinterp Cannot set gray non-stroke color because /'P212' is an invalid float value
2026-06-18 09:13:26,975 WARNING pdfminer.pdfinterp Cannot set gray non-stroke color because /'P213' is an invalid float value
2026-06-18 09:13:26,977 WARNING pdfminer.pdfinterp Cannot set gray non-stroke color because /'P214' is an invalid float value
2026-06-18 09:13:26,981 WARNING pdfminer.pdfinterp Cannot set gray non-stroke color because /'P215' is an invalid float value
2026-06-18 09:13:26,983 WARNING pdfminer.pdfinterp Cannot set gray non-stroke color because /'P216' is an invalid float value
2026-06-18 09:13:26,985 WARNING pdfminer.pdfinterp Cannot set gray non-stroke color because /'P217' is an invalid float value
2026-06-18 09:13:26,990 WARNING pdfminer.pdfinterp Cannot set gray non-stroke color because /'P218' is an invalid float value
2026-06-18 09:13:26,993 WARNING pdfminer.pdfinterp Cannot set gray non-stroke color because /'P219' is an invalid float value
2026-06-18 09:13:26,996 WARNING pdfminer.pdfinterp Cannot set gray non-stroke color because /'P220' is an invalid float value
2026-06-18 09:13:26,998 WARNING pdfminer.pdfinterp Cannot set gray non-stroke color because /'P221' is an invalid float value
2026-06-18 09:13:26,999 WARNING pdfminer.pdfinterp Cannot set gray non-stroke color because /'P222' is an invalid float value
2026-06-18 09:13:27,001 WARNING pdfminer.pdfinterp Cannot set gray non-stroke color because /'P223' is an invalid float value
2026-06-18 09:13:27,004 WARNING pdfminer.pdfinterp Cannot set gray non-stroke color because /'P224' is an invalid float value
2026-06-18 09:13:27,007 WARNING pdfminer.pdfinterp Cannot set gray non-stroke color because /'P225' is an invalid float value
2026-06-18 09:13:27,009 WARNING pdfminer.pdfinterp Cannot set gray non-stroke color because /'P226' is an invalid float value
2026-06-18 09:13:27,012 WARNING pdfminer.pdfinterp Cannot set gray non-stroke color because /'P227' is an invalid float value
2026-06-18 09:13:27,014 WARNING pdfminer.pdfinterp Cannot set gray non-stroke color because /'P228' is an invalid float value
2026-06-18 09:13:27,017 WARNING pdfminer.pdfinterp Cannot set gray non-stroke color because /'P229' is an invalid float value
2026-06-18 09:13:27,024 WARNING pdfminer.pdfinterp Cannot set gray non-stroke color because /'P230' is an invalid float value
2026-06-18 09:13:27,034 WARNING pdfminer.pdfinterp Cannot set gray non-stroke color because /'P231' is an invalid float value
2026-06-18 09:13:27,047 WARNING pdfminer.pdfinterp Cannot set gray non-stroke color because /'P232' is an invalid float value
2026-06-18 09:13:27,050 WARNING pdfminer.pdfinterp Cannot set gray non-stroke color because /'P233' is an invalid float value
2026-06-18 09:13:27,057 WARNING pdfminer.pdfinterp Cannot set gray non-stroke color because /'P234' is an invalid float value
2026-06-18 09:13:27,063 WARNING pdfminer.pdfinterp Cannot set gray non-stroke color because /'P235' is an invalid float value
2026-06-18 09:13:30,041 WARNING pdfminer.pdfinterp Cannot set gray stroke color because /'P0' is an invalid float value
2026-06-18 09:13:30,043 WARNING pdfminer.pdfinterp Cannot set gray stroke color because /'P1' is an invalid float value
2026-06-18 09:13:30,045 WARNING pdfminer.pdfinterp Cannot set gray stroke color because /'P2' is an invalid float value
2026-06-18 09:13:30,047 WARNING pdfminer.pdfinterp Cannot set gray stroke color because /'P3' is an invalid float value
2026-06-18 09:13:30,050 WARNING pdfminer.pdfinterp Cannot set gray stroke color because /'P4' is an invalid float value
2026-06-18 09:13:33,665 WARNING pdfminer.pdfinterp Cannot set gray non-stroke color because /'P0' is an invalid float value
2026-06-18 09:13:33,680 WARNING pdfminer.pdfinterp Cannot set gray stroke color because /'P1' is an invalid float value
2026-06-18 09:13:34,008 WARNING pdfminer.pdfinterp Cannot set gray stroke color because /'P0' is an invalid float value
2026-06-18 09:13:34,018 WARNING pdfminer.pdfinterp Cannot set gray stroke color because /'P1' is an invalid float value
2026-06-18 09:13:34,022 WARNING pdfminer.pdfinterp Cannot set gray stroke color because /'P2' is an invalid float value
2026-06-18 09:13:34,032 WARNING pdfminer.pdfinterp Cannot set gray stroke color because /'P3' is an invalid float value
2026-06-18 09:13:34,035 WARNING pdfminer.pdfinterp Cannot set gray stroke color because /'P4' is an invalid float value
2026-06-18 09:13:34,038 WARNING pdfminer.pdfinterp Cannot set gray stroke color because /'P5' is an invalid float value
2026-06-18 09:13:34,049 WARNING pdfminer.pdfinterp Cannot set gray stroke color because /'P6' is an invalid float value
2026-06-18 09:13:34,054 WARNING pdfminer.pdfinterp Cannot set gray stroke color because /'P7' is an invalid float value
2026-06-18 09:13:34,061 WARNING pdfminer.pdfinterp Cannot set gray stroke color because /'P8' is an invalid float value
2026-06-18 09:13:34,065 WARNING pdfminer.pdfinterp Cannot set gray stroke color because /'P9' is an invalid float value
2026-06-18 09:13:34,070 WARNING pdfminer.pdfinterp Cannot set gray stroke color because /'P10' is an invalid float value
2026-06-18 09:13:34,079 WARNING pdfminer.pdfinterp Cannot set gray stroke color because /'P11' is an invalid float value
2026-06-18 09:13:34,084 WARNING pdfminer.pdfinterp Cannot set gray stroke color because /'P12' is an invalid float value
2026-06-18 09:13:34,089 WARNING pdfminer.pdfinterp Cannot set gray stroke color because /'P13' is an invalid float value
2026-06-18 09:13:34,095 WARNING pdfminer.pdfinterp Cannot set gray stroke color because /'P14' is an invalid float value
2026-06-18 09:13:34,097 WARNING pdfminer.pdfinterp Cannot set gray stroke color because /'P15' is an invalid float value
2026-06-18 09:13:34,100 WARNING pdfminer.pdfinterp Cannot set gray stroke color because /'P16' is an invalid float value
2026-06-18 09:13:34,103 WARNING pdfminer.pdfinterp Cannot set gray stroke color because /'P17' is an invalid float value
2026-06-18 09:13:34,108 WARNING pdfminer.pdfinterp Cannot set gray stroke color because /'P18' is an invalid float value
2026-06-18 09:13:34,118 WARNING pdfminer.pdfinterp Cannot set gray stroke color because /'P19' is an invalid float value
2026-06-18 09:13:34,148 WARNING pdfminer.pdfinterp Cannot set gray stroke color because /'P20' is an invalid float value
2026-06-18 09:13:34,156 WARNING pdfminer.pdfinterp Cannot set gray stroke color because /'P21' is an invalid float value
2026-06-18 09:13:34,160 WARNING pdfminer.pdfinterp Cannot set gray stroke color because /'P22' is an invalid float value
2026-06-18 09:13:34,163 WARNING pdfminer.pdfinterp Cannot set gray stroke color because /'P23' is an invalid float value
2026-06-18 09:13:34,168 WARNING pdfminer.pdfinterp Cannot set gray stroke color because /'P24' is an invalid float value
2026-06-18 09:13:34,174 WARNING pdfminer.pdfinterp Cannot set gray stroke color because /'P25' is an invalid float value
2026-06-18 09:13:34,176 WARNING pdfminer.pdfinterp Cannot set gray stroke color because /'P26' is an invalid float value
2026-06-18 09:13:34,178 WARNING pdfminer.pdfinterp Cannot set gray stroke color because /'P27' is an invalid float value
2026-06-18 09:13:34,187 WARNING pdfminer.pdfinterp Cannot set gray stroke color because /'P28' is an invalid float value
2026-06-18 09:13:34,199 WARNING pdfminer.pdfinterp Cannot set gray stroke color because /'P29' is an invalid float value
2026-06-18 09:13:34,210 WARNING pdfminer.pdfinterp Cannot set gray stroke color because /'P30' is an invalid float value
2026-06-18 09:13:34,214 WARNING pdfminer.pdfinterp Cannot set gray stroke color because /'P31' is an invalid float value
2026-06-18 09:13:34,255 WARNING pdfminer.pdfinterp Cannot set gray stroke color because /'P32' is an invalid float value
2026-06-18 09:13:34,261 WARNING pdfminer.pdfinterp Cannot set gray stroke color because /'P33' is an invalid float value
2026-06-18 09:13:34,266 WARNING pdfminer.pdfinterp Cannot set gray stroke color because /'P34' is an invalid float value
2026-06-18 09:13:34,270 WARNING pdfminer.pdfinterp Cannot set gray stroke color because /'P35' is an invalid float value
2026-06-18 09:13:34,276 WARNING pdfminer.pdfinterp Cannot set gray stroke color because /'P36' is an invalid float value
2026-06-18 09:13:34,278 WARNING pdfminer.pdfinterp Cannot set gray stroke color because /'P37' is an invalid float value
2026-06-18 09:13:34,281 WARNING pdfminer.pdfinterp Cannot set gray stroke color because /'P38' is an invalid float value
2026-06-18 09:13:34,285 WARNING pdfminer.pdfinterp Cannot set gray stroke color because /'P39' is an invalid float value
2026-06-18 09:13:34,293 WARNING pdfminer.pdfinterp Cannot set gray stroke color because /'P40' is an invalid float value
2026-06-18 09:13:34,299 WARNING pdfminer.pdfinterp Cannot set gray stroke color because /'P41' is an invalid float value
2026-06-18 09:13:34,315 WARNING pdfminer.pdfinterp Cannot set gray stroke color because /'P42' is an invalid float value
2026-06-18 09:13:34,328 WARNING pdfminer.pdfinterp Cannot set gray stroke color because /'P43' is an invalid float value
2026-06-18 09:13:34,332 WARNING pdfminer.pdfinterp Cannot set gray stroke color because /'P44' is an invalid float value
2026-06-18 09:13:34,346 WARNING pdfminer.pdfinterp Cannot set gray stroke color because /'P45' is an invalid float value
2026-06-18 09:13:34,354 WARNING pdfminer.pdfinterp Cannot set gray stroke color because /'P46' is an invalid float value
2026-06-18 09:13:34,752 WARNING pdfminer.pdfinterp Cannot set gray stroke color because /'P47' is an invalid float value
2026-06-18 09:13:35,011 WARNING pdfminer.pdfinterp Cannot set gray stroke color because /'P48' is an invalid float value
2026-06-18 09:13:35,737 WARNING pdfminer.pdfinterp Cannot set gray stroke color because /'P49' is an invalid float value
2026-06-18 09:13:36,420 WARNING pdfminer.pdfinterp Cannot set gray stroke color because /'P50' is an invalid float value
2026-06-18 09:13:37,123 WARNING pdfminer.pdfinterp Cannot set gray stroke color because /'P51' is an invalid float value
2026-06-18 09:13:37,843 WARNING pdfminer.pdfinterp Cannot set gray stroke color because /'P52' is an invalid float value
2026-06-18 09:13:38,624 WARNING pdfminer.pdfinterp Cannot set gray stroke color because /'P53' is an invalid float value
2026-06-18 09:13:39,278 WARNING pdfminer.pdfinterp Cannot set gray stroke color because /'P54' is an invalid float value
2026-06-18 09:13:40,117 WARNING pdfminer.pdfinterp Cannot set gray stroke color because /'P55' is an invalid float value
2026-06-18 09:13:40,997 WARNING pdfminer.pdfinterp Cannot set gray stroke color because /'P56' is an invalid float value
2026-06-18 09:13:41,685 WARNING pdfminer.pdfinterp Cannot set gray stroke color because /'P57' is an invalid float value
2026-06-18 09:13:42,414 WARNING pdfminer.pdfinterp Cannot set gray stroke color because /'P58' is an invalid float value
2026-06-18 09:13:43,149 WARNING pdfminer.pdfinterp Cannot set gray stroke color because /'P59' is an invalid float value
2026-06-18 09:13:43,920 WARNING pdfminer.pdfinterp Cannot set gray stroke color because /'P60' is an invalid float value
2026-06-18 09:13:44,719 WARNING pdfminer.pdfinterp Cannot set gray stroke color because /'P61' is an invalid float value
2026-06-18 09:13:45,283 WARNING pdfminer.pdfinterp Cannot set gray stroke color because /'P62' is an invalid float value
2026-06-18 09:13:46,008 WARNING pdfminer.pdfinterp Cannot set gray stroke color because /'P63' is an invalid float value
2026-06-18 09:13:46,675 WARNING pdfminer.pdfinterp Cannot set gray stroke color because /'P64' is an invalid float value
2026-06-18 09:13:47,280 WARNING pdfminer.pdfinterp Cannot set gray stroke color because /'P65' is an invalid float value
2026-06-18 09:13:47,945 WARNING pdfminer.pdfinterp Cannot set gray stroke color because /'P66' is an invalid float value
2026-06-18 09:13:48,627 WARNING pdfminer.pdfinterp Cannot set gray stroke color because /'P67' is an invalid float value
2026-06-18 09:13:48,629 WARNING pdfminer.pdfinterp Cannot set gray stroke color because /'P68' is an invalid float value
2026-06-18 09:13:48,631 WARNING pdfminer.pdfinterp Cannot set gray stroke color because /'P69' is an invalid float value
2026-06-18 09:13:48,632 WARNING pdfminer.pdfinterp Cannot set gray stroke color because /'P70' is an invalid float value
2026-06-18 09:13:48,633 WARNING pdfminer.pdfinterp Cannot set gray stroke color because /'P71' is an invalid float value
2026-06-18 09:13:52,905 WARNING pdfminer.pdfinterp Cannot set gray stroke color because /'P0' is an invalid float value
2026-06-18 09:13:52,914 WARNING pdfminer.pdfinterp Cannot set gray stroke color because /'P1' is an invalid float value
2026-06-18 09:13:52,923 WARNING pdfminer.pdfinterp Cannot set gray stroke color because /'P2' is an invalid float value
2026-06-18 09:13:52,929 WARNING pdfminer.pdfinterp Cannot set gray stroke color because /'P3' is an invalid float value
2026-06-18 09:13:52,944 WARNING pdfminer.pdfinterp Cannot set gray stroke color because /'P4' is an invalid float value
2026-06-18 09:13:52,950 WARNING pdfminer.pdfinterp Cannot set gray stroke color because /'P5' is an invalid float value
2026-06-18 09:13:52,959 WARNING pdfminer.pdfinterp Cannot set gray stroke color because /'P6' is an invalid float value
2026-06-18 09:13:52,964 WARNING pdfminer.pdfinterp Cannot set gray stroke color because /'P7' is an invalid float value
2026-06-18 09:13:52,969 WARNING pdfminer.pdfinterp Cannot set gray stroke color because /'P8' is an invalid float value
2026-06-18 09:13:52,976 WARNING pdfminer.pdfinterp Cannot set gray stroke color because /'P9' is an invalid float value
2026-06-18 09:13:52,983 WARNING pdfminer.pdfinterp Cannot set gray stroke color because /'P10' is an invalid float value
2026-06-18 09:13:52,991 WARNING pdfminer.pdfinterp Cannot set gray stroke color because /'P11' is an invalid float value
2026-06-18 09:13:52,996 WARNING pdfminer.pdfinterp Cannot set gray stroke color because /'P12' is an invalid float value
2026-06-18 09:13:53,003 WARNING pdfminer.pdfinterp Cannot set gray stroke color because /'P13' is an invalid float value
2026-06-18 09:13:53,009 WARNING pdfminer.pdfinterp Cannot set gray stroke color because /'P14' is an invalid float value
2026-06-18 09:13:53,016 WARNING pdfminer.pdfinterp Cannot set gray stroke color because /'P15' is an invalid float value
2026-06-18 09:13:53,022 WARNING pdfminer.pdfinterp Cannot set gray stroke color because /'P16' is an invalid float value
2026-06-18 09:13:53,032 WARNING pdfminer.pdfinterp Cannot set gray stroke color because /'P17' is an invalid float value
2026-06-18 09:13:53,039 WARNING pdfminer.pdfinterp Cannot set gray stroke color because /'P18' is an invalid float value
2026-06-18 09:13:53,054 WARNING pdfminer.pdfinterp Cannot set gray stroke color because /'P19' is an invalid float value
2026-06-18 09:13:53,068 WARNING pdfminer.pdfinterp Cannot set gray stroke color because /'P20' is an invalid float value
2026-06-18 09:13:53,078 WARNING pdfminer.pdfinterp Cannot set gray stroke color because /'P21' is an invalid float value
2026-06-18 09:13:53,084 WARNING pdfminer.pdfinterp Cannot set gray stroke color because /'P22' is an invalid float value
2026-06-18 09:13:53,091 WARNING pdfminer.pdfinterp Cannot set gray stroke color because /'P23' is an invalid float value
2026-06-18 09:13:53,095 WARNING pdfminer.pdfinterp Cannot set gray stroke color because /'P24' is an invalid float value
2026-06-18 09:13:53,099 WARNING pdfminer.pdfinterp Cannot set gray stroke color because /'P25' is an invalid float value
2026-06-18 09:13:53,107 WARNING pdfminer.pdfinterp Cannot set gray stroke color because /'P26' is an invalid float value
2026-06-18 09:13:53,114 WARNING pdfminer.pdfinterp Cannot set gray stroke color because /'P27' is an invalid float value
2026-06-18 09:13:53,127 WARNING pdfminer.pdfinterp Cannot set gray stroke color because /'P28' is an invalid float value
2026-06-18 09:13:53,134 WARNING pdfminer.pdfinterp Cannot set gray stroke color because /'P29' is an invalid float value
2026-06-18 09:13:53,145 WARNING pdfminer.pdfinterp Cannot set gray stroke color because /'P30' is an invalid float value
2026-06-18 09:13:53,157 WARNING pdfminer.pdfinterp Cannot set gray stroke color because /'P31' is an invalid float value
2026-06-18 09:13:53,162 WARNING pdfminer.pdfinterp Cannot set gray stroke color because /'P32' is an invalid float value
2026-06-18 09:13:53,167 WARNING pdfminer.pdfinterp Cannot set gray stroke color because /'P33' is an invalid float value
2026-06-18 09:13:53,174 WARNING pdfminer.pdfinterp Cannot set gray stroke color because /'P34' is an invalid float value
2026-06-18 09:13:53,179 WARNING pdfminer.pdfinterp Cannot set gray stroke color because /'P35' is an invalid float value
2026-06-18 09:13:53,184 WARNING pdfminer.pdfinterp Cannot set gray stroke color because /'P36' is an invalid float value
2026-06-18 09:13:53,189 WARNING pdfminer.pdfinterp Cannot set gray stroke color because /'P37' is an invalid float value
2026-06-18 09:13:53,196 WARNING pdfminer.pdfinterp Cannot set gray stroke color because /'P38' is an invalid float value
2026-06-18 09:13:53,202 WARNING pdfminer.pdfinterp Cannot set gray stroke color because /'P39' is an invalid float value
2026-06-18 09:13:53,208 WARNING pdfminer.pdfinterp Cannot set gray stroke color because /'P40' is an invalid float value
2026-06-18 09:13:53,213 WARNING pdfminer.pdfinterp Cannot set gray stroke color because /'P41' is an invalid float value
2026-06-18 09:13:53,218 WARNING pdfminer.pdfinterp Cannot set gray stroke color because /'P42' is an invalid float value
2026-06-18 09:13:53,222 WARNING pdfminer.pdfinterp Cannot set gray stroke color because /'P43' is an invalid float value
2026-06-18 09:13:53,229 WARNING pdfminer.pdfinterp Cannot set gray stroke color because /'P44' is an invalid float value
2026-06-18 09:13:53,235 WARNING pdfminer.pdfinterp Cannot set gray stroke color because /'P45' is an invalid float value
2026-06-18 09:13:53,243 WARNING pdfminer.pdfinterp Cannot set gray stroke color because /'P46' is an invalid float value
2026-06-18 09:13:53,249 WARNING pdfminer.pdfinterp Cannot set gray stroke color because /'P47' is an invalid float value
2026-06-18 09:13:53,260 WARNING pdfminer.pdfinterp Cannot set gray stroke color because /'P48' is an invalid float value
2026-06-18 09:13:53,265 WARNING pdfminer.pdfinterp Cannot set gray stroke color because /'P49' is an invalid float value
2026-06-18 09:13:53,269 WARNING pdfminer.pdfinterp Cannot set gray stroke color because /'P50' is an invalid float value
2026-06-18 09:13:53,274 WARNING pdfminer.pdfinterp Cannot set gray stroke color because /'P51' is an invalid float value
2026-06-18 09:13:53,278 WARNING pdfminer.pdfinterp Cannot set gray stroke color because /'P52' is an invalid float value
2026-06-18 09:13:53,283 WARNING pdfminer.pdfinterp Cannot set gray stroke color because /'P53' is an invalid float value
2026-06-18 09:13:53,293 WARNING pdfminer.pdfinterp Cannot set gray stroke color because /'P54' is an invalid float value
2026-06-18 09:13:53,299 WARNING pdfminer.pdfinterp Cannot set gray stroke color because /'P55' is an invalid float value
2026-06-18 09:13:53,307 WARNING pdfminer.pdfinterp Cannot set gray stroke color because /'P56' is an invalid float value
2026-06-18 09:13:53,313 WARNING pdfminer.pdfinterp Cannot set gray stroke color because /'P57' is an invalid float value
2026-06-18 09:13:53,322 WARNING pdfminer.pdfinterp Cannot set gray stroke color because /'P58' is an invalid float value
2026-06-18 09:13:53,330 WARNING pdfminer.pdfinterp Cannot set gray stroke color because /'P59' is an invalid float value
2026-06-18 09:13:53,340 WARNING pdfminer.pdfinterp Cannot set gray stroke color because /'P60' is an invalid float value
2026-06-18 09:13:53,345 WARNING pdfminer.pdfinterp Cannot set gray stroke color because /'P61' is an invalid float value
2026-06-18 09:13:53,351 WARNING pdfminer.pdfinterp Cannot set gray stroke color because /'P62' is an invalid float value
2026-06-18 09:13:53,358 WARNING pdfminer.pdfinterp Cannot set gray stroke color because /'P63' is an invalid float value
2026-06-18 09:13:53,362 WARNING pdfminer.pdfinterp Cannot set gray stroke color because /'P64' is an invalid float value
2026-06-18 09:13:53,366 WARNING pdfminer.pdfinterp Cannot set gray stroke color because /'P65' is an invalid float value
2026-06-18 09:13:53,371 WARNING pdfminer.pdfinterp Cannot set gray stroke color because /'P66' is an invalid float value
2026-06-18 09:13:53,376 WARNING pdfminer.pdfinterp Cannot set gray stroke color because /'P67' is an invalid float value
2026-06-18 09:13:53,380 WARNING pdfminer.pdfinterp Cannot set gray stroke color because /'P68' is an invalid float value
2026-06-18 09:13:53,388 WARNING pdfminer.pdfinterp Cannot set gray stroke color because /'P69' is an invalid float value
2026-06-18 09:13:53,393 WARNING pdfminer.pdfinterp Cannot set gray stroke color because /'P70' is an invalid float value
2026-06-18 09:13:53,397 WARNING pdfminer.pdfinterp Cannot set gray stroke color because /'P71' is an invalid float value
2026-06-18 09:13:53,406 WARNING pdfminer.pdfinterp Cannot set gray stroke color because /'P72' is an invalid float value
2026-06-18 09:13:53,413 WARNING pdfminer.pdfinterp Cannot set gray stroke color because /'P73' is an invalid float value
2026-06-18 09:13:53,425 WARNING pdfminer.pdfinterp Cannot set gray stroke color because /'P74' is an invalid float value
2026-06-18 09:13:53,430 WARNING pdfminer.pdfinterp Cannot set gray stroke color because /'P75' is an invalid float value
2026-06-18 09:13:53,437 WARNING pdfminer.pdfinterp Cannot set gray stroke color because /'P76' is an invalid float value
2026-06-18 09:13:53,443 WARNING pdfminer.pdfinterp Cannot set gray stroke color because /'P77' is an invalid float value
2026-06-18 09:13:53,449 WARNING pdfminer.pdfinterp Cannot set gray stroke color because /'P78' is an invalid float value
2026-06-18 09:13:53,457 WARNING pdfminer.pdfinterp Cannot set gray stroke color because /'P79' is an invalid float value
2026-06-18 09:13:53,461 WARNING pdfminer.pdfinterp Cannot set gray stroke color because /'P80' is an invalid float value
2026-06-18 09:13:53,466 WARNING pdfminer.pdfinterp Cannot set gray stroke color because /'P81' is an invalid float value
2026-06-18 09:13:53,474 WARNING pdfminer.pdfinterp Cannot set gray stroke color because /'P82' is an invalid float value
2026-06-18 09:13:53,479 WARNING pdfminer.pdfinterp Cannot set gray stroke color because /'P83' is an invalid float value
2026-06-18 09:13:53,483 WARNING pdfminer.pdfinterp Cannot set gray stroke color because /'P84' is an invalid float value
2026-06-18 09:13:53,487 WARNING pdfminer.pdfinterp Cannot set gray stroke color because /'P85' is an invalid float value
2026-06-18 09:13:53,493 WARNING pdfminer.pdfinterp Cannot set gray stroke color because /'P86' is an invalid float value
2026-06-18 09:13:53,497 WARNING pdfminer.pdfinterp Cannot set gray stroke color because /'P87' is an invalid float value
2026-06-18 09:13:53,506 WARNING pdfminer.pdfinterp Cannot set gray stroke color because /'P88' is an invalid float value
2026-06-18 09:13:53,511 WARNING pdfminer.pdfinterp Cannot set gray stroke color because /'P89' is an invalid float value
2026-06-18 09:13:53,516 WARNING pdfminer.pdfinterp Cannot set gray stroke color because /'P90' is an invalid float value
2026-06-18 09:13:53,525 WARNING pdfminer.pdfinterp Cannot set gray stroke color because /'P91' is an invalid float value
2026-06-18 09:13:53,529 WARNING pdfminer.pdfinterp Cannot set gray stroke color because /'P92' is an invalid float value
2026-06-18 09:13:53,534 WARNING pdfminer.pdfinterp Cannot set gray stroke color because /'P93' is an invalid float value
2026-06-18 09:13:53,541 WARNING pdfminer.pdfinterp Cannot set gray stroke color because /'P94' is an invalid float value
2026-06-18 09:13:53,546 WARNING pdfminer.pdfinterp Cannot set gray stroke color because /'P95' is an invalid float value
2026-06-18 09:13:53,556 WARNING pdfminer.pdfinterp Cannot set gray stroke color because /'P96' is an invalid float value
2026-06-18 09:13:53,562 WARNING pdfminer.pdfinterp Cannot set gray stroke color because /'P97' is an invalid float value
2026-06-18 09:13:53,569 WARNING pdfminer.pdfinterp Cannot set gray stroke color because /'P98' is an invalid float value
2026-06-18 09:13:53,576 WARNING pdfminer.pdfinterp Cannot set gray stroke color because /'P99' is an invalid float value
2026-06-18 09:13:53,582 WARNING pdfminer.pdfinterp Cannot set gray stroke color because /'P100' is an invalid float value
2026-06-18 09:13:53,586 WARNING pdfminer.pdfinterp Cannot set gray stroke color because /'P101' is an invalid float value
2026-06-18 09:13:53,594 WARNING pdfminer.pdfinterp Cannot set gray stroke color because /'P102' is an invalid float value
2026-06-18 09:13:53,599 WARNING pdfminer.pdfinterp Cannot set gray stroke color because /'P103' is an invalid float value
2026-06-18 09:13:53,605 WARNING pdfminer.pdfinterp Cannot set gray stroke color because /'P104' is an invalid float value
2026-06-18 09:13:53,609 WARNING pdfminer.pdfinterp Cannot set gray stroke color because /'P105' is an invalid float value
2026-06-18 09:13:53,616 WARNING pdfminer.pdfinterp Cannot set gray stroke color because /'P106' is an invalid float value
2026-06-18 09:13:53,625 WARNING pdfminer.pdfinterp Cannot set gray stroke color because /'P107' is an invalid float value
2026-06-18 09:13:53,630 WARNING pdfminer.pdfinterp Cannot set gray stroke color because /'P108' is an invalid float value
2026-06-18 09:13:53,636 WARNING pdfminer.pdfinterp Cannot set gray stroke color because /'P109' is an invalid float value
2026-06-18 09:13:53,643 WARNING pdfminer.pdfinterp Cannot set gray stroke color because /'P110' is an invalid float value
2026-06-18 09:13:53,648 WARNING pdfminer.pdfinterp Cannot set gray stroke color because /'P111' is an invalid float value
2026-06-18 09:13:53,656 WARNING pdfminer.pdfinterp Cannot set gray stroke color because /'P112' is an invalid float value
2026-06-18 09:13:53,660 WARNING pdfminer.pdfinterp Cannot set gray stroke color because /'P113' is an invalid float value
2026-06-18 09:13:53,663 WARNING pdfminer.pdfinterp Cannot set gray stroke color because /'P114' is an invalid float value
2026-06-18 09:13:53,666 WARNING pdfminer.pdfinterp Cannot set gray stroke color because /'P115' is an invalid float value
2026-06-18 09:13:53,673 WARNING pdfminer.pdfinterp Cannot set gray stroke color because /'P116' is an invalid float value
2026-06-18 09:13:53,680 WARNING pdfminer.pdfinterp Cannot set gray stroke color because /'P117' is an invalid float value
2026-06-18 09:13:53,688 WARNING pdfminer.pdfinterp Cannot set gray stroke color because /'P118' is an invalid float value
2026-06-18 09:13:53,692 WARNING pdfminer.pdfinterp Cannot set gray stroke color because /'P119' is an invalid float value
2026-06-18 09:13:53,697 WARNING pdfminer.pdfinterp Cannot set gray stroke color because /'P120' is an invalid float value
2026-06-18 09:13:53,700 WARNING pdfminer.pdfinterp Cannot set gray stroke color because /'P121' is an invalid float value
2026-06-18 09:13:53,708 WARNING pdfminer.pdfinterp Cannot set gray stroke color because /'P122' is an invalid float value
2026-06-18 09:13:53,714 WARNING pdfminer.pdfinterp Cannot set gray stroke color because /'P123' is an invalid float value
2026-06-18 09:13:53,726 WARNING pdfminer.pdfinterp Cannot set gray stroke color because /'P124' is an invalid float value
2026-06-18 09:13:53,734 WARNING pdfminer.pdfinterp Cannot set gray stroke color because /'P125' is an invalid float value
2026-06-18 09:13:53,746 WARNING pdfminer.pdfinterp Cannot set gray stroke color because /'P126' is an invalid float value
2026-06-18 09:13:53,790 WARNING pdfminer.pdfinterp Cannot set gray stroke color because /'P127' is an invalid float value
2026-06-18 09:13:53,832 WARNING pdfminer.pdfinterp Cannot set gray stroke color because /'P128' is an invalid float value
2026-06-18 09:13:53,876 WARNING pdfminer.pdfinterp Cannot set gray stroke color because /'P129' is an invalid float value
2026-06-18 09:13:53,908 WARNING pdfminer.pdfinterp Cannot set gray stroke color because /'P130' is an invalid float value
2026-06-18 09:13:53,948 WARNING pdfminer.pdfinterp Cannot set gray stroke color because /'P131' is an invalid float value
2026-06-18 09:13:53,978 WARNING pdfminer.pdfinterp Cannot set gray stroke color because /'P132' is an invalid float value
2026-06-18 09:13:53,991 WARNING pdfminer.pdfinterp Cannot set gray stroke color because /'P133' is an invalid float value
2026-06-18 09:13:53,995 WARNING pdfminer.pdfinterp Cannot set gray stroke color because /'P134' is an invalid float value
2026-06-18 09:13:53,998 WARNING pdfminer.pdfinterp Cannot set gray stroke color because /'P135' is an invalid float value
2026-06-18 09:13:54,002 WARNING pdfminer.pdfinterp Cannot set gray stroke color because /'P136' is an invalid float value
2026-06-18 09:13:54,005 WARNING pdfminer.pdfinterp Cannot set gray stroke color because /'P137' is an invalid float value
2026-06-18 09:13:54,022 WARNING pdfminer.pdfinterp Cannot set gray stroke color because /'P138' is an invalid float value
2026-06-18 09:13:54,069 WARNING pdfminer.pdfinterp Cannot set gray stroke color because /'P139' is an invalid float value
2026-06-18 09:13:54,083 WARNING pdfminer.pdfinterp Cannot set gray stroke color because /'P140' is an invalid float value
2026-06-18 09:13:54,087 WARNING pdfminer.pdfinterp Cannot set gray stroke color because /'P141' is an invalid float value
2026-06-18 09:13:54,103 WARNING pdfminer.pdfinterp Cannot set gray stroke color because /'P142' is an invalid float value
2026-06-18 09:13:54,118 WARNING pdfminer.pdfinterp Cannot set gray stroke color because /'P143' is an invalid float value
2026-06-18 09:13:54,127 WARNING pdfminer.pdfinterp Cannot set gray stroke color because /'P144' is an invalid float value
2026-06-18 09:13:54,135 WARNING pdfminer.pdfinterp Cannot set gray stroke color because /'P145' is an invalid float value
2026-06-18 09:13:54,141 WARNING pdfminer.pdfinterp Cannot set gray stroke color because /'P146' is an invalid float value
2026-06-18 09:13:54,148 WARNING pdfminer.pdfinterp Cannot set gray stroke color because /'P147' is an invalid float value
2026-06-18 09:13:54,167 WARNING pdfminer.pdfinterp Cannot set gray stroke color because /'P148' is an invalid float value
2026-06-18 09:13:54,184 WARNING pdfminer.pdfinterp Cannot set gray stroke color because /'P149' is an invalid float value
2026-06-18 09:13:54,200 WARNING pdfminer.pdfinterp Cannot set gray stroke color because /'P150' is an invalid float value
2026-06-18 09:13:54,216 WARNING pdfminer.pdfinterp Cannot set gray stroke color because /'P151' is an invalid float value
2026-06-18 09:13:54,233 WARNING pdfminer.pdfinterp Cannot set gray stroke color because /'P152' is an invalid float value
2026-06-18 09:13:54,251 WARNING pdfminer.pdfinterp Cannot set gray stroke color because /'P153' is an invalid float value
2026-06-18 09:13:54,260 WARNING pdfminer.pdfinterp Cannot set gray stroke color because /'P154' is an invalid float value
2026-06-18 09:13:54,654 WARNING pdfminer.pdfinterp Cannot set gray stroke color because /'P155' is an invalid float value
2026-06-18 09:13:55,731 WARNING pdfminer.pdfinterp Cannot set gray stroke color because /'P156' is an invalid float value
2026-06-18 09:13:56,465 WARNING pdfminer.pdfinterp Cannot set gray stroke color because /'P157' is an invalid float value
2026-06-18 09:13:57,238 WARNING pdfminer.pdfinterp Cannot set gray stroke color because /'P158' is an invalid float value
2026-06-18 09:13:57,809 WARNING pdfminer.pdfinterp Cannot set gray stroke color because /'P159' is an invalid float value
2026-06-18 09:13:58,522 WARNING pdfminer.pdfinterp Cannot set gray stroke color because /'P160' is an invalid float value
2026-06-18 09:13:59,292 WARNING pdfminer.pdfinterp Cannot set gray stroke color because /'P161' is an invalid float value
2026-06-18 09:13:59,783 WARNING pdfminer.pdfinterp Cannot set gray stroke color because /'P162' is an invalid float value
2026-06-18 09:14:00,236 WARNING pdfminer.pdfinterp Cannot set gray stroke color because /'P163' is an invalid float value
2026-06-18 09:14:00,330 WARNING pdfminer.pdfinterp Cannot set gray stroke color because /'P164' is an invalid float value
2026-06-18 09:14:00,422 WARNING pdfminer.pdfinterp Cannot set gray stroke color because /'P165' is an invalid float value
2026-06-18 09:14:00,514 WARNING pdfminer.pdfinterp Cannot set gray stroke color because /'P166' is an invalid float value
2026-06-18 09:14:00,687 WARNING pdfminer.pdfinterp Cannot set gray stroke color because /'P167' is an invalid float value
2026-06-18 09:14:00,778 WARNING pdfminer.pdfinterp Cannot set gray stroke color because /'P168' is an invalid float value
2026-06-18 09:14:00,884 WARNING pdfminer.pdfinterp Cannot set gray stroke color because /'P169' is an invalid float value
2026-06-18 09:14:01,024 WARNING pdfminer.pdfinterp Cannot set gray stroke color because /'P170' is an invalid float value
2026-06-18 09:14:01,110 WARNING pdfminer.pdfinterp Cannot set gray stroke color because /'P171' is an invalid float value
2026-06-18 09:14:01,319 WARNING pdfminer.pdfinterp Cannot set gray stroke color because /'P172' is an invalid float value
2026-06-18 09:14:01,438 WARNING pdfminer.pdfinterp Cannot set gray stroke color because /'P173' is an invalid float value
2026-06-18 09:14:01,573 WARNING pdfminer.pdfinterp Cannot set gray stroke color because /'P174' is an invalid float value
2026-06-18 09:14:01,678 WARNING pdfminer.pdfinterp Cannot set gray stroke color because /'P175' is an invalid float value
2026-06-18 09:14:01,836 WARNING pdfminer.pdfinterp Cannot set gray stroke color because /'P176' is an invalid float value
2026-06-18 09:14:02,102 WARNING pdfminer.pdfinterp Cannot set gray stroke color because /'P177' is an invalid float value
2026-06-18 09:14:02,230 WARNING pdfminer.pdfinterp Cannot set gray stroke color because /'P178' is an invalid float value
2026-06-18 09:14:02,323 WARNING pdfminer.pdfinterp Cannot set gray stroke color because /'P179' is an invalid float value
2026-06-18 09:14:02,452 WARNING pdfminer.pdfinterp Cannot set gray stroke color because /'P180' is an invalid float value
2026-06-18 09:14:02,593 WARNING pdfminer.pdfinterp Cannot set gray stroke color because /'P181' is an invalid float value
2026-06-18 09:14:02,701 WARNING pdfminer.pdfinterp Cannot set gray stroke color because /'P182' is an invalid float value
2026-06-18 09:14:02,901 WARNING pdfminer.pdfinterp Cannot set gray stroke color because /'P183' is an invalid float value
2026-06-18 09:14:02,997 WARNING pdfminer.pdfinterp Cannot set gray stroke color because /'P184' is an invalid float value
2026-06-18 09:14:03,107 WARNING pdfminer.pdfinterp Cannot set gray stroke color because /'P185' is an invalid float value
2026-06-18 09:14:03,213 WARNING pdfminer.pdfinterp Cannot set gray stroke color because /'P186' is an invalid float value
2026-06-18 09:14:03,314 WARNING pdfminer.pdfinterp Cannot set gray stroke color because /'P187' is an invalid float value
2026-06-18 09:14:03,412 WARNING pdfminer.pdfinterp Cannot set gray stroke color because /'P188' is an invalid float value
2026-06-18 09:14:03,500 WARNING pdfminer.pdfinterp Cannot set gray stroke color because /'P189' is an invalid float value
2026-06-18 09:14:03,733 WARNING pdfminer.pdfinterp Cannot set gray stroke color because /'P190' is an invalid float value
2026-06-18 09:14:03,927 WARNING pdfminer.pdfinterp Cannot set gray stroke color because /'P191' is an invalid float value
2026-06-18 09:14:04,103 WARNING pdfminer.pdfinterp Cannot set gray stroke color because /'P192' is an invalid float value
2026-06-18 09:14:04,245 WARNING pdfminer.pdfinterp Cannot set gray stroke color because /'P193' is an invalid float value
2026-06-18 09:14:04,395 WARNING pdfminer.pdfinterp Cannot set gray stroke color because /'P194' is an invalid float value
2026-06-18 09:14:04,600 WARNING pdfminer.pdfinterp Cannot set gray stroke color because /'P195' is an invalid float value
2026-06-18 09:14:04,731 WARNING pdfminer.pdfinterp Cannot set gray stroke color because /'P196' is an invalid float value
2026-06-18 09:14:04,822 WARNING pdfminer.pdfinterp Cannot set gray stroke color because /'P197' is an invalid float value
2026-06-18 09:14:04,942 WARNING pdfminer.pdfinterp Cannot set gray stroke color because /'P198' is an invalid float value
2026-06-18 09:14:05,047 WARNING pdfminer.pdfinterp Cannot set gray stroke color because /'P199' is an invalid float value
2026-06-18 09:14:05,164 WARNING pdfminer.pdfinterp Cannot set gray stroke color because /'P200' is an invalid float value
2026-06-18 09:14:05,339 WARNING pdfminer.pdfinterp Cannot set gray stroke color because /'P201' is an invalid float value
2026-06-18 09:14:05,531 WARNING pdfminer.pdfinterp Cannot set gray stroke color because /'P202' is an invalid float value
2026-06-18 09:14:05,643 WARNING pdfminer.pdfinterp Cannot set gray stroke color because /'P203' is an invalid float value
2026-06-18 09:14:05,784 WARNING pdfminer.pdfinterp Cannot set gray stroke color because /'P204' is an invalid float value
2026-06-18 09:14:05,926 WARNING pdfminer.pdfinterp Cannot set gray stroke color because /'P205' is an invalid float value
2026-06-18 09:14:06,086 WARNING pdfminer.pdfinterp Cannot set gray stroke color because /'P206' is an invalid float value
2026-06-18 09:14:06,295 WARNING pdfminer.pdfinterp Cannot set gray stroke color because /'P207' is an invalid float value
2026-06-18 09:14:06,442 WARNING pdfminer.pdfinterp Cannot set gray stroke color because /'P208' is an invalid float value
2026-06-18 09:14:06,639 WARNING pdfminer.pdfinterp Cannot set gray stroke color because /'P209' is an invalid float value
2026-06-18 09:14:06,937 WARNING pdfminer.pdfinterp Cannot set gray stroke color because /'P210' is an invalid float value
2026-06-18 09:14:07,141 WARNING pdfminer.pdfinterp Cannot set gray stroke color because /'P211' is an invalid float value
2026-06-18 09:14:07,433 WARNING pdfminer.pdfinterp Cannot set gray stroke color because /'P212' is an invalid float value
2026-06-18 09:14:07,648 WARNING pdfminer.pdfinterp Cannot set gray stroke color because /'P213' is an invalid float value
2026-06-18 09:14:07,852 WARNING pdfminer.pdfinterp Cannot set gray stroke color because /'P214' is an invalid float value
2026-06-18 09:14:08,160 WARNING pdfminer.pdfinterp Cannot set gray stroke color because /'P215' is an invalid float value
2026-06-18 09:14:08,364 WARNING pdfminer.pdfinterp Cannot set gray stroke color because /'P216' is an invalid float value
2026-06-18 09:14:08,692 WARNING pdfminer.pdfinterp Cannot set gray stroke color because /'P217' is an invalid float value
2026-06-18 09:14:08,892 WARNING pdfminer.pdfinterp Cannot set gray stroke color because /'P218' is an invalid float value
2026-06-18 09:14:09,187 WARNING pdfminer.pdfinterp Cannot set gray stroke color because /'P219' is an invalid float value
2026-06-18 09:14:09,427 WARNING pdfminer.pdfinterp Cannot set gray stroke color because /'P220' is an invalid float value
2026-06-18 09:14:09,639 WARNING pdfminer.pdfinterp Cannot set gray stroke color because /'P221' is an invalid float value
2026-06-18 09:14:10,008 WARNING pdfminer.pdfinterp Cannot set gray stroke color because /'P222' is an invalid float value
2026-06-18 09:14:10,300 WARNING pdfminer.pdfinterp Cannot set gray stroke color because /'P223' is an invalid float value
2026-06-18 09:14:10,604 WARNING pdfminer.pdfinterp Cannot set gray stroke color because /'P224' is an invalid float value
2026-06-18 09:14:10,799 WARNING pdfminer.pdfinterp Cannot set gray stroke color because /'P225' is an invalid float value
2026-06-18 09:14:11,023 WARNING pdfminer.pdfinterp Cannot set gray stroke color because /'P226' is an invalid float value
2026-06-18 09:14:11,341 WARNING pdfminer.pdfinterp Cannot set gray stroke color because /'P227' is an invalid float value
2026-06-18 09:14:11,529 WARNING pdfminer.pdfinterp Cannot set gray stroke color because /'P228' is an invalid float value
2026-06-18 09:14:11,822 WARNING pdfminer.pdfinterp Cannot set gray stroke color because /'P229' is an invalid float value
2026-06-18 09:14:12,039 WARNING pdfminer.pdfinterp Cannot set gray stroke color because /'P230' is an invalid float value
2026-06-18 09:14:12,291 WARNING pdfminer.pdfinterp Cannot set gray stroke color because /'P231' is an invalid float value
2026-06-18 09:14:12,606 WARNING pdfminer.pdfinterp Cannot set gray stroke color because /'P232' is an invalid float value
2026-06-18 09:14:12,806 WARNING pdfminer.pdfinterp Cannot set gray stroke color because /'P233' is an invalid float value
2026-06-18 09:14:13,142 WARNING pdfminer.pdfinterp Cannot set gray stroke color because /'P234' is an invalid float value
2026-06-18 09:14:13,399 WARNING pdfminer.pdfinterp Cannot set gray stroke color because /'P235' is an invalid float value
2026-06-18 09:14:13,807 WARNING pdfminer.pdfinterp Cannot set gray stroke color because /'P236' is an invalid float value
2026-06-18 09:14:14,136 WARNING pdfminer.pdfinterp Cannot set gray stroke color because /'P237' is an invalid float value
2026-06-18 09:14:14,357 WARNING pdfminer.pdfinterp Cannot set gray stroke color because /'P238' is an invalid float value
2026-06-18 09:14:14,793 WARNING pdfminer.pdfinterp Cannot set gray stroke color because /'P239' is an invalid float value
2026-06-18 09:14:15,080 WARNING pdfminer.pdfinterp Cannot set gray stroke color because /'P240' is an invalid float value
2026-06-18 09:14:15,321 WARNING pdfminer.pdfinterp Cannot set gray stroke color because /'P241' is an invalid float value
2026-06-18 09:14:15,618 WARNING pdfminer.pdfinterp Cannot set gray stroke color because /'P242' is an invalid float value
2026-06-18 09:14:15,800 WARNING pdfminer.pdfinterp Cannot set gray stroke color because /'P243' is an invalid float value
2026-06-18 09:14:16,125 WARNING pdfminer.pdfinterp Cannot set gray stroke color because /'P244' is an invalid float value
2026-06-18 09:14:16,317 WARNING pdfminer.pdfinterp Cannot set gray stroke color because /'P245' is an invalid float value
2026-06-18 09:14:16,523 WARNING pdfminer.pdfinterp Cannot set gray stroke color because /'P246' is an invalid float value
2026-06-18 09:14:16,958 WARNING pdfminer.pdfinterp Cannot set gray stroke color because /'P247' is an invalid float value
2026-06-18 09:14:17,209 WARNING pdfminer.pdfinterp Cannot set gray stroke color because /'P248' is an invalid float value
2026-06-18 09:14:17,587 WARNING pdfminer.pdfinterp Cannot set gray stroke color because /'P249' is an invalid float value
2026-06-18 09:14:17,784 WARNING pdfminer.pdfinterp Cannot set gray stroke color because /'P250' is an invalid float value
2026-06-18 09:14:18,054 WARNING pdfminer.pdfinterp Cannot set gray stroke color because /'P251' is an invalid float value
2026-06-18 09:14:18,792 WARNING pdfminer.pdfinterp Cannot set gray stroke color because /'P252' is an invalid float value
2026-06-18 09:14:19,452 WARNING pdfminer.pdfinterp Cannot set gray stroke color because /'P253' is an invalid float value
2026-06-18 09:14:20,769 WARNING pdfminer.pdfinterp Cannot set gray stroke color because /'P254' is an invalid float value
2026-06-18 09:14:21,801 WARNING pdfminer.pdfinterp Cannot set gray stroke color because /'P255' is an invalid float value
2026-06-18 09:14:22,073 WARNING pdfminer.pdfinterp Cannot set gray stroke color because /'P256' is an invalid float value
2026-06-18 09:14:22,487 WARNING pdfminer.pdfinterp Cannot set gray stroke color because /'P257' is an invalid float value
2026-06-18 09:14:22,761 WARNING pdfminer.pdfinterp Cannot set gray stroke color because /'P258' is an invalid float value
2026-06-18 09:14:22,977 WARNING pdfminer.pdfinterp Cannot set gray stroke color because /'P259' is an invalid float value
2026-06-18 09:14:23,294 WARNING pdfminer.pdfinterp Cannot set gray stroke color because /'P260' is an invalid float value
2026-06-18 09:14:23,496 WARNING pdfminer.pdfinterp Cannot set gray stroke color because /'P261' is an invalid float value
2026-06-18 09:14:23,684 WARNING pdfminer.pdfinterp Cannot set gray stroke color because /'P262' is an invalid float value
2026-06-18 09:14:23,998 WARNING pdfminer.pdfinterp Cannot set gray stroke color because /'P263' is an invalid float value
2026-06-18 09:14:24,535 WARNING pdfminer.pdfinterp Cannot set gray stroke color because /'P264' is an invalid float value
2026-06-18 09:14:24,538 WARNING pdfminer.pdfinterp Cannot set gray stroke color because /'P265' is an invalid float value
2026-06-18 09:14:24,547 WARNING pdfminer.pdfinterp Cannot set gray stroke color because /'P266' is an invalid float value
2026-06-18 09:14:24,550 WARNING pdfminer.pdfinterp Cannot set gray stroke color because /'P267' is an invalid float value
2026-06-18 09:14:24,571 WARNING pdfminer.pdfinterp Cannot set gray stroke color because /'P268' is an invalid float value
2026-06-18 09:14:24,581 WARNING pdfminer.pdfinterp Cannot set gray stroke color because /'P269' is an invalid float value
2026-06-18 09:14:24,601 WARNING pdfminer.pdfinterp Cannot set gray stroke color because /'P270' is an invalid float value
2026-06-18 09:14:24,608 WARNING pdfminer.pdfinterp Cannot set gray stroke color because /'P271' is an invalid float value
2026-06-18 09:15:10,098 WARNING pdfminer.pdfinterp Cannot set gray stroke color because /'P0' is an invalid float value
2026-06-18 09:15:10,109 WARNING pdfminer.pdfinterp Cannot set gray stroke color because /'P1' is an invalid float value
2026-06-18 09:15:10,144 WARNING pdfminer.pdfinterp Cannot set gray stroke color because /'P2' is an invalid float value
2026-06-18 09:15:10,147 WARNING pdfminer.pdfinterp Cannot set gray stroke color because /'P3' is an invalid float value
2026-06-18 09:15:10,155 WARNING pdfminer.pdfinterp Cannot set gray stroke color because /'P4' is an invalid float value
2026-06-18 09:15:10,163 WARNING pdfminer.pdfinterp Cannot set gray stroke color because /'P5' is an invalid float value
2026-06-18 09:15:10,170 WARNING pdfminer.pdfinterp Cannot set gray stroke color because /'P6' is an invalid float value
2026-06-18 09:15:10,269 WARNING pdfminer.pdfinterp Cannot set gray stroke color because /'P7' is an invalid float value
2026-06-18 09:15:10,530 WARNING pdfminer.pdfinterp Cannot set gray stroke color because /'P0' is an invalid float value
2026-06-18 09:15:10,551 WARNING pdfminer.pdfinterp Cannot set gray stroke color because /'P1' is an invalid float value
2026-06-18 09:15:10,576 WARNING pdfminer.pdfinterp Cannot set gray stroke color because /'P2' is an invalid float value
2026-06-18 09:15:16,603 WARNING pdfminer.pdfinterp Cannot set gray stroke color because /'P0' is an invalid float value
2026-06-18 09:15:16,618 WARNING pdfminer.pdfinterp Cannot set gray stroke color because /'P1' is an invalid float value
2026-06-18 09:15:17,145 WARNING pdfminer.pdfinterp Cannot set gray stroke color because /'P0' is an invalid float value
2026-06-18 09:15:17,154 WARNING pdfminer.pdfinterp Cannot set gray stroke color because /'P1' is an invalid float value
2026-06-18 09:15:17,452 WARNING pdfminer.pdfinterp Cannot set gray stroke color because /'P0' is an invalid float value
2026-06-18 09:15:17,458 WARNING pdfminer.pdfinterp Cannot set gray stroke color because /'P1' is an invalid float value
2026-06-18 09:15:24,419 WARNING pdfminer.pdfinterp Cannot set gray stroke color because /'P0' is an invalid float value
2026-06-18 09:15:25,673 WARNING pdfminer.pdfinterp Cannot set gray stroke color because /'P0' is an invalid float value
2026-06-18 09:15:25,674 WARNING pdfminer.pdfinterp Cannot set gray stroke color because /'P1' is an invalid float value
2026-06-18 09:15:26,147 WARNING pdfminer.pdfinterp Cannot set gray stroke color because /'P0' is an invalid float value
2026-06-18 09:15:26,148 WARNING pdfminer.pdfinterp Cannot set gray stroke color because /'P1' is an invalid float value
2026-06-18 09:15:26,228 WARNING pdfminer.pdfinterp Cannot set gray stroke color because /'P0' is an invalid float value
2026-06-18 09:15:26,229 WARNING pdfminer.pdfinterp Cannot set gray stroke color because /'P1' is an invalid float value
2026-06-18 09:15:26,367 WARNING pdfminer.pdfinterp Cannot set gray stroke color because /'P0' is an invalid float value
2026-06-18 09:15:26,368 WARNING pdfminer.pdfinterp Cannot set gray stroke color because /'P1' is an invalid float value
2026-06-18 09:15:32,514 WARNING pdfminer.pdfinterp Cannot set gray stroke color because /'P0' is an invalid float value
2026-06-18 09:15:32,515 WARNING pdfminer.pdfinterp Cannot set gray stroke color because /'P0' is an invalid float value
2026-06-18 09:15:32,516 WARNING pdfminer.pdfinterp Cannot set gray stroke color because /'P1' is an invalid float value
2026-06-18 09:15:32,517 WARNING pdfminer.pdfinterp Cannot set gray stroke color because /'P2' is an invalid float value
2026-06-18 09:15:32,518 WARNING pdfminer.pdfinterp Cannot set gray stroke color because /'P3' is an invalid float value
2026-06-18 09:15:32,520 WARNING pdfminer.pdfinterp Cannot set gray stroke color because /'P4' is an invalid float value
2026-06-18 09:15:32,521 WARNING pdfminer.pdfinterp Cannot set gray stroke color because /'P5' is an invalid float value
2026-06-18 09:15:32,523 WARNING pdfminer.pdfinterp Cannot set gray stroke color because /'P6' is an invalid float value
2026-06-18 09:15:32,525 WARNING pdfminer.pdfinterp Cannot set gray stroke color because /'P7' is an invalid float value
2026-06-18 09:15:32,527 WARNING pdfminer.pdfinterp Cannot set gray stroke color because /'P8' is an invalid float value
2026-06-18 09:15:32,529 WARNING pdfminer.pdfinterp Cannot set gray stroke color because /'P9' is an invalid float value
2026-06-18 09:15:32,531 WARNING pdfminer.pdfinterp Cannot set gray stroke color because /'P10' is an invalid float value
2026-06-18 09:15:32,533 WARNING pdfminer.pdfinterp Cannot set gray stroke color because /'P11' is an invalid float value
2026-06-18 09:15:32,534 WARNING pdfminer.pdfinterp Cannot set gray stroke color because /'P12' is an invalid float value
2026-06-18 09:15:32,536 WARNING pdfminer.pdfinterp Cannot set gray stroke color because /'P13' is an invalid float value
2026-06-18 09:15:32,538 WARNING pdfminer.pdfinterp Cannot set gray stroke color because /'P14' is an invalid float value
2026-06-18 09:15:32,540 WARNING pdfminer.pdfinterp Cannot set gray stroke color because /'P15' is an invalid float value
2026-06-18 09:15:32,541 WARNING pdfminer.pdfinterp Cannot set gray stroke color because /'P16' is an invalid float value
2026-06-18 09:15:32,544 WARNING pdfminer.pdfinterp Cannot set gray stroke color because /'P0' is an invalid float value
2026-06-18 09:15:32,547 WARNING pdfminer.pdfinterp Cannot set gray stroke color because /'P0' is an invalid float value
2026-06-18 09:15:32,658 WARNING pdfminer.pdfinterp Cannot set gray stroke color because /'P0' is an invalid float value
2026-06-18 09:15:32,660 WARNING pdfminer.pdfinterp Cannot set gray stroke color because /'P0' is an invalid float value
2026-06-18 09:15:32,661 WARNING pdfminer.pdfinterp Cannot set gray stroke color because /'P0' is an invalid float value
2026-06-18 09:15:32,662 WARNING pdfminer.pdfinterp Cannot set gray stroke color because /'P1' is an invalid float value
2026-06-18 09:15:32,664 WARNING pdfminer.pdfinterp Cannot set gray stroke color because /'P0' is an invalid float value
2026-06-18 09:15:32,665 WARNING pdfminer.pdfinterp Cannot set gray stroke color because /'P2' is an invalid float value
2026-06-18 09:15:32,666 WARNING pdfminer.pdfinterp Cannot set gray stroke color because /'P0' is an invalid float value
2026-06-18 09:15:32,667 WARNING pdfminer.pdfinterp Cannot set gray stroke color because /'P3' is an invalid float value
2026-06-18 09:15:32,667 WARNING pdfminer.pdfinterp Cannot set gray stroke color because /'P4' is an invalid float value
2026-06-18 09:15:32,668 WARNING pdfminer.pdfinterp Cannot set gray stroke color because /'P5' is an invalid float value
2026-06-18 09:15:32,668 WARNING pdfminer.pdfinterp Cannot set gray stroke color because /'P6' is an invalid float value
2026-06-18 09:15:32,668 WARNING pdfminer.pdfinterp Cannot set gray stroke color because /'P7' is an invalid float value
2026-06-18 09:15:32,669 WARNING pdfminer.pdfinterp Cannot set gray stroke color because /'P8' is an invalid float value
2026-06-18 09:15:32,669 WARNING pdfminer.pdfinterp Cannot set gray stroke color because /'P9' is an invalid float value
2026-06-18 09:15:32,670 WARNING pdfminer.pdfinterp Cannot set gray stroke color because /'P10' is an invalid float value
2026-06-18 09:15:32,670 WARNING pdfminer.pdfinterp Cannot set gray stroke color because /'P11' is an invalid float value
2026-06-18 09:15:32,672 WARNING pdfminer.pdfinterp Cannot set gray stroke color because /'P0' is an invalid float value
2026-06-18 09:15:32,673 WARNING pdfminer.pdfinterp Cannot set gray stroke color because /'P0' is an invalid float value
2026-06-18 09:15:32,674 WARNING pdfminer.pdfinterp Cannot set gray stroke color because /'P12' is an invalid float value
2026-06-18 09:15:32,676 WARNING pdfminer.pdfinterp Cannot set gray stroke color because /'P0' is an invalid float value
2026-06-18 09:15:32,677 WARNING pdfminer.pdfinterp Cannot set gray stroke color because /'P1' is an invalid float value
2026-06-18 09:15:32,678 WARNING pdfminer.pdfinterp Cannot set gray stroke color because /'P13' is an invalid float value
2026-06-18 09:15:32,681 WARNING pdfminer.pdfinterp Cannot set gray stroke color because /'P0' is an invalid float value
2026-06-18 09:15:32,682 WARNING pdfminer.pdfinterp Cannot set gray stroke color because /'P1' is an invalid float value
2026-06-18 09:15:32,683 WARNING pdfminer.pdfinterp Cannot set gray stroke color because /'P14' is an invalid float value
2026-06-18 09:16:05,277 WARNING pdfminer.pdfinterp Cannot set gray non-stroke color because /'P0' is an invalid float value
2026-06-18 09:20:07,951 WARNING pdfminer.pdfinterp Cannot set gray stroke color because /'P1' is an invalid float value
2026-06-18 09:20:07,957 WARNING pdfminer.pdfinterp Cannot set gray stroke color because /'P2' is an invalid float value
2026-06-18 09:20:07,966 WARNING pdfminer.pdfinterp Cannot set gray stroke color because /'P3' is an invalid float value
2026-06-18 09:20:07,970 WARNING pdfminer.pdfinterp Cannot set gray stroke color because /'P4' is an invalid float value
2026-06-18 09:20:07,973 WARNING pdfminer.pdfinterp Cannot set gray stroke color because /'P5' is an invalid float value
2026-06-18 09:20:07,983 WARNING pdfminer.pdfinterp Cannot set gray stroke color because /'P6' is an invalid float value
2026-06-18 09:20:19,067 WARNING pdfminer.pdfinterp Cannot set gray stroke color because /'P77' is an invalid float value
2026-06-18 09:20:19,072 WARNING pdfminer.pdfinterp Cannot set gray stroke color because /'P78' is an invalid float value
2026-06-18 09:20:19,073 WARNING pdfminer.pdfinterp Cannot set gray stroke color because /'P79' is an invalid float value
2026-06-18 09:20:19,077 WARNING pdfminer.pdfinterp Cannot set gray stroke color because /'P80' is an invalid float value
2026-06-18 09:20:19,081 WARNING pdfminer.pdfinterp Cannot set gray stroke color because /'P81' is an invalid float value
2026-06-18 09:20:19,086 WARNING pdfminer.pdfinterp Cannot set gray stroke color because /'P82' is an invalid float value
2026-06-18 09:20:19,097 WARNING pdfminer.pdfinterp Cannot set gray stroke color because /'P83' is an invalid float value
2026-06-18 09:20:19,105 WARNING pdfminer.pdfinterp Cannot set gray stroke color because /'P84' is an invalid float value
2026-06-18 09:20:19,109 WARNING pdfminer.pdfinterp Cannot set gray stroke color because /'P85' is an invalid float value
2026-06-18 09:20:19,112 WARNING pdfminer.pdfinterp Cannot set gray stroke color because /'P86' is an invalid float value
2026-06-18 09:20:19,126 WARNING pdfminer.pdfinterp Cannot set gray stroke color because /'P87' is an invalid float value
2026-06-18 09:20:19,127 WARNING pdfminer.pdfinterp Cannot set gray stroke color because /'P88' is an invalid float value
2026-06-18 09:20:19,131 WARNING pdfminer.pdfinterp Cannot set gray stroke color because /'P89' is an invalid float value
2026-06-18 09:20:19,161 WARNING pdfminer.pdfinterp Cannot set gray stroke color because /'P90' is an invalid float value
2026-06-18 09:20:19,171 WARNING pdfminer.pdfinterp Cannot set gray stroke color because /'P91' is an invalid float value
2026-06-18 09:20:19,177 WARNING pdfminer.pdfinterp Cannot set gray stroke color because /'P92' is an invalid float value
2026-06-18 09:20:19,187 WARNING pdfminer.pdfinterp Cannot set gray stroke color because /'P93' is an invalid float value
2026-06-18 09:20:19,194 WARNING pdfminer.pdfinterp Cannot set gray stroke color because /'P94' is an invalid float value
2026-06-18 09:20:19,206 WARNING pdfminer.pdfinterp Cannot set gray stroke color because /'P7' is an invalid float value
2026-06-18 09:20:19,209 WARNING pdfminer.pdfinterp Cannot set gray stroke color because /'P8' is an invalid float value
2026-06-18 09:20:19,211 WARNING pdfminer.pdfinterp Cannot set gray stroke color because /'P9' is an invalid float value
2026-06-18 09:20:19,217 WARNING pdfminer.pdfinterp Cannot set gray stroke color because /'P10' is an invalid float value
2026-06-18 09:20:19,227 WARNING pdfminer.pdfinterp Cannot set gray stroke color because /'P11' is an invalid float value
2026-06-18 09:20:19,238 WARNING pdfminer.pdfinterp Cannot set gray stroke color because /'P12' is an invalid float value
2026-06-18 09:20:19,265 WARNING pdfminer.pdfinterp Cannot set gray stroke color because /'P13' is an invalid float value
2026-06-18 09:20:19,268 WARNING pdfminer.pdfinterp Cannot set gray stroke color because /'P14' is an invalid float value
2026-06-18 09:20:19,271 WARNING pdfminer.pdfinterp Cannot set gray stroke color because /'P15' is an invalid float value
2026-06-18 09:20:19,280 WARNING pdfminer.pdfinterp Cannot set gray stroke color because /'P16' is an invalid float value
2026-06-18 09:20:19,291 WARNING pdfminer.pdfinterp Cannot set gray stroke color because /'P17' is an invalid float value
2026-06-18 09:20:19,296 WARNING pdfminer.pdfinterp Cannot set gray stroke color because /'P18' is an invalid float value
2026-06-18 09:20:19,306 WARNING pdfminer.pdfinterp Cannot set gray stroke color because /'P19' is an invalid float value
2026-06-18 09:20:19,309 WARNING pdfminer.pdfinterp Cannot set gray stroke color because /'P20' is an invalid float value
2026-06-18 09:20:19,311 WARNING pdfminer.pdfinterp Cannot set gray stroke color because /'P21' is an invalid float value
2026-06-18 09:20:19,316 WARNING pdfminer.pdfinterp Cannot set gray stroke color because /'P22' is an invalid float value
2026-06-18 09:20:19,321 WARNING pdfminer.pdfinterp Cannot set gray stroke color because /'P23' is an invalid float value
2026-06-18 09:20:19,327 WARNING pdfminer.pdfinterp Cannot set gray stroke color because /'P24' is an invalid float value
2026-06-18 09:20:19,342 WARNING pdfminer.pdfinterp Cannot set gray stroke color because /'P25' is an invalid float value
2026-06-18 09:20:19,356 WARNING pdfminer.pdfinterp Cannot set gray stroke color because /'P26' is an invalid float value
2026-06-18 09:20:19,361 WARNING pdfminer.pdfinterp Cannot set gray stroke color because /'P27' is an invalid float value
2026-06-18 09:20:19,370 WARNING pdfminer.pdfinterp Cannot set gray stroke color because /'P28' is an invalid float value
2026-06-18 09:20:19,376 WARNING pdfminer.pdfinterp Cannot set gray stroke color because /'P29' is an invalid float value
2026-06-18 09:20:19,388 WARNING pdfminer.pdfinterp Cannot set gray stroke color because /'P30' is an invalid float value
2026-06-18 09:20:19,404 WARNING pdfminer.pdfinterp Cannot set gray stroke color because /'P31' is an invalid float value
2026-06-18 09:20:19,407 WARNING pdfminer.pdfinterp Cannot set gray stroke color because /'P32' is an invalid float value
2026-06-18 09:20:19,409 WARNING pdfminer.pdfinterp Cannot set gray stroke color because /'P33' is an invalid float value
2026-06-18 09:20:19,417 WARNING pdfminer.pdfinterp Cannot set gray stroke color because /'P34' is an invalid float value
2026-06-18 09:20:19,422 WARNING pdfminer.pdfinterp Cannot set gray stroke color because /'P35' is an invalid float value
2026-06-18 09:20:19,425 WARNING pdfminer.pdfinterp Cannot set gray stroke color because /'P36' is an invalid float value
2026-06-18 09:20:19,437 WARNING pdfminer.pdfinterp Cannot set gray stroke color because /'P37' is an invalid float value
2026-06-18 09:20:19,442 WARNING pdfminer.pdfinterp Cannot set gray stroke color because /'P38' is an invalid float value
2026-06-18 09:20:19,455 WARNING pdfminer.pdfinterp Cannot set gray stroke color because /'P39' is an invalid float value
2026-06-18 09:20:19,458 WARNING pdfminer.pdfinterp Cannot set gray stroke color because /'P40' is an invalid float value
2026-06-18 09:20:19,461 WARNING pdfminer.pdfinterp Cannot set gray stroke color because /'P41' is an invalid float value
2026-06-18 09:20:19,470 WARNING pdfminer.pdfinterp Cannot set gray stroke color because /'P42' is an invalid float value
2026-06-18 09:20:19,475 WARNING pdfminer.pdfinterp Cannot set gray stroke color because /'P43' is an invalid float value
2026-06-18 09:20:19,492 WARNING pdfminer.pdfinterp Cannot set gray stroke color because /'P44' is an invalid float value
2026-06-18 09:20:19,502 WARNING pdfminer.pdfinterp Cannot set gray stroke color because /'P45' is an invalid float value
2026-06-18 09:20:19,510 WARNING pdfminer.pdfinterp Cannot set gray stroke color because /'P46' is an invalid float value
2026-06-18 09:20:19,513 WARNING pdfminer.pdfinterp Cannot set gray stroke color because /'P47' is an invalid float value
2026-06-18 09:20:19,525 WARNING pdfminer.pdfinterp Cannot set gray stroke color because /'P48' is an invalid float value
2026-06-18 09:20:19,528 WARNING pdfminer.pdfinterp Cannot set gray stroke color because /'P49' is an invalid float value
2026-06-18 09:20:19,537 WARNING pdfminer.pdfinterp Cannot set gray stroke color because /'P50' is an invalid float value
2026-06-18 09:20:19,541 WARNING pdfminer.pdfinterp Cannot set gray stroke color because /'P51' is an invalid float value
2026-06-18 09:20:19,547 WARNING pdfminer.pdfinterp Cannot set gray stroke color because /'P52' is an invalid float value
2026-06-18 09:20:19,558 WARNING pdfminer.pdfinterp Cannot set gray stroke color because /'P53' is an invalid float value
2026-06-18 09:20:19,571 WARNING pdfminer.pdfinterp Cannot set gray stroke color because /'P54' is an invalid float value
2026-06-18 09:20:19,575 WARNING pdfminer.pdfinterp Cannot set gray stroke color because /'P55' is an invalid float value
2026-06-18 09:20:19,579 WARNING pdfminer.pdfinterp Cannot set gray stroke color because /'P56' is an invalid float value
2026-06-18 09:20:19,590 WARNING pdfminer.pdfinterp Cannot set gray stroke color because /'P57' is an invalid float value
2026-06-18 09:20:19,606 WARNING pdfminer.pdfinterp Cannot set gray stroke color because /'P58' is an invalid float value
2026-06-18 09:20:19,614 WARNING pdfminer.pdfinterp Cannot set gray stroke color because /'P59' is an invalid float value
2026-06-18 09:20:19,621 WARNING pdfminer.pdfinterp Cannot set gray stroke color because /'P60' is an invalid float value
2026-06-18 09:20:19,624 WARNING pdfminer.pdfinterp Cannot set gray stroke color because /'P61' is an invalid float value
2026-06-18 09:20:19,627 WARNING pdfminer.pdfinterp Cannot set gray stroke color because /'P62' is an invalid float value
2026-06-18 09:20:19,643 WARNING pdfminer.pdfinterp Cannot set gray stroke color because /'P63' is an invalid float value
2026-06-18 09:20:19,655 WARNING pdfminer.pdfinterp Cannot set gray stroke color because /'P64' is an invalid float value
2026-06-18 09:20:19,669 WARNING pdfminer.pdfinterp Cannot set gray stroke color because /'P65' is an invalid float value
2026-06-18 09:20:19,674 WARNING pdfminer.pdfinterp Cannot set gray stroke color because /'P66' is an invalid float value
2026-06-18 09:20:19,677 WARNING pdfminer.pdfinterp Cannot set gray stroke color because /'P67' is an invalid float value
2026-06-18 09:20:19,689 WARNING pdfminer.pdfinterp Cannot set gray stroke color because /'P68' is an invalid float value
2026-06-18 09:20:19,694 WARNING pdfminer.pdfinterp Cannot set gray stroke color because /'P69' is an invalid float value
2026-06-18 09:20:19,704 WARNING pdfminer.pdfinterp Cannot set gray stroke color because /'P70' is an invalid float value
2026-06-18 09:20:19,709 WARNING pdfminer.pdfinterp Cannot set gray stroke color because /'P71' is an invalid float value
2026-06-18 09:20:19,721 WARNING pdfminer.pdfinterp Cannot set gray stroke color because /'P72' is an invalid float value
2026-06-18 09:20:19,724 WARNING pdfminer.pdfinterp Cannot set gray stroke color because /'P73' is an invalid float value
2026-06-18 09:20:19,730 WARNING pdfminer.pdfinterp Cannot set gray stroke color because /'P74' is an invalid float value
2026-06-18 09:20:19,753 WARNING pdfminer.pdfinterp Cannot set gray stroke color because /'P75' is an invalid float value
2026-06-18 09:20:19,755 WARNING pdfminer.pdfinterp Cannot set gray stroke color because /'P76' is an invalid float value
2026-06-18 09:29:14,577 WARNING pdfminer.pdfinterp Cannot set gray stroke color because /'P0' is an invalid float value
2026-06-18 09:30:17,952 WARNING pdfminer.pdfinterp Cannot set gray stroke color because /'P0' is an invalid float value
2026-06-18 09:30:53,942 WARNING pdfminer.pdfinterp Cannot set gray stroke color because /'P0' is an invalid float value
2026-06-18 09:30:53,943 WARNING pdfminer.pdfinterp Cannot set gray stroke color because /'P1' is an invalid float value
2026-06-18 09:30:53,945 WARNING pdfminer.pdfinterp Cannot set gray stroke color because /'P2' is an invalid float value
2026-06-18 09:30:53,946 WARNING pdfminer.pdfinterp Cannot set gray stroke color because /'P3' is an invalid float value
2026-06-18 09:30:54,619 WARNING pdfminer.pdfinterp Cannot set gray stroke color because /'P0' is an invalid float value
2026-06-18 09:30:54,620 WARNING pdfminer.pdfinterp Cannot set gray stroke color because /'P1' is an invalid float value
2026-06-18 09:30:54,633 WARNING pdfminer.pdfinterp Cannot set gray stroke color because /'P2' is an invalid float value
2026-06-18 09:30:58,693 WARNING pdfminer.pdfinterp Cannot set gray stroke color because /'P0' is an invalid float value
2026-06-18 09:30:58,694 WARNING pdfminer.pdfinterp Cannot set gray stroke color because /'P1' is an invalid float value
2026-06-18 09:30:58,695 WARNING pdfminer.pdfinterp Cannot set gray stroke color because /'P2' is an invalid float value
2026-06-18 09:30:58,696 WARNING pdfminer.pdfinterp Cannot set gray stroke color because /'P3' is an invalid float value
2026-06-18 09:30:58,697 WARNING pdfminer.pdfinterp Cannot set gray stroke color because /'P4' is an invalid float value
2026-06-18 09:30:58,698 WARNING pdfminer.pdfinterp Cannot set gray stroke color because /'P5' is an invalid float value
2026-06-18 09:30:58,699 WARNING pdfminer.pdfinterp Cannot set gray stroke color because /'P6' is an invalid float value
2026-06-18 09:30:58,700 WARNING pdfminer.pdfinterp Cannot set gray stroke color because /'P7' is an invalid float value
2026-06-18 09:31:08,177 WARNING pdfminer.pdfinterp Cannot set gray stroke color because /'P0' is an invalid float value
2026-06-18 09:31:26,057 WARNING pdfminer.pdfinterp Cannot set gray stroke color because /'P0' is an invalid float value
2026-06-18 10:10:40,220 INFO __main__ Starting ESG corpus pipeline
2026-06-18 10:10:49,915 WARNING pdfminer.pdfinterp Cannot set gray stroke color because /'P0' is an invalid float value
2026-06-18 10:11:28,541 WARNING pdfminer.pdfinterp Cannot set gray non-stroke color because /'P97' is an invalid float value
2026-06-18 10:11:28,541 WARNING pdfminer.pdfinterp Cannot set gray non-stroke color because /'P99' is an invalid float value
2026-06-18 10:11:28,542 WARNING pdfminer.pdfinterp Cannot set gray non-stroke color because /'P100' is an invalid float value
2026-06-18 10:11:28,542 WARNING pdfminer.pdfinterp Cannot set gray non-stroke color because /'P101' is an invalid float value
2026-06-18 10:11:28,542 WARNING pdfminer.pdfinterp Cannot set gray non-stroke color because /'P102' is an invalid float value
2026-06-18 10:11:28,543 WARNING pdfminer.pdfinterp Cannot set gray non-stroke color because /'P103' is an invalid float value
2026-06-18 10:11:28,543 WARNING pdfminer.pdfinterp Cannot set gray non-stroke color because /'P104' is an invalid float value
2026-06-18 10:11:28,543 WARNING pdfminer.pdfinterp Cannot set gray non-stroke color because /'P105' is an invalid float value
2026-06-18 10:11:28,544 WARNING pdfminer.pdfinterp Cannot set gray non-stroke color because /'P106' is an invalid float value
2026-06-18 10:11:28,544 WARNING pdfminer.pdfinterp Cannot set gray non-stroke color because /'P107' is an invalid float value
2026-06-18 10:11:28,544 WARNING pdfminer.pdfinterp Cannot set gray non-stroke color because /'P108' is an invalid float value
2026-06-18 10:11:28,545 WARNING pdfminer.pdfinterp Cannot set gray non-stroke color because /'P109' is an invalid float value
2026-06-18 10:11:28,545 WARNING pdfminer.pdfinterp Cannot set gray non-stroke color because /'P110' is an invalid float value
2026-06-18 10:11:28,545 WARNING pdfminer.pdfinterp Cannot set gray non-stroke color because /'P111' is an invalid float value
2026-06-18 10:11:28,545 WARNING pdfminer.pdfinterp Cannot set gray non-stroke color because /'P112' is an invalid float value
2026-06-18 10:11:28,546 WARNING pdfminer.pdfinterp Cannot set gray non-stroke color because /'P113' is an invalid float value
2026-06-18 10:11:28,546 WARNING pdfminer.pdfinterp Cannot set gray non-stroke color because /'P114' is an invalid float value
2026-06-18 10:11:28,547 WARNING pdfminer.pdfinterp Cannot set gray non-stroke color because /'P115' is an invalid float value
2026-06-18 10:11:28,547 WARNING pdfminer.pdfinterp Cannot set gray non-stroke color because /'P116' is an invalid float value
2026-06-18 10:11:28,547 WARNING pdfminer.pdfinterp Cannot set gray non-stroke color because /'P117' is an invalid float value
2026-06-18 10:11:28,547 WARNING pdfminer.pdfinterp Cannot set gray non-stroke color because /'P118' is an invalid float value
2026-06-18 10:11:28,548 WARNING pdfminer.pdfinterp Cannot set gray non-stroke color because /'P119' is an invalid float value
2026-06-18 10:11:28,548 WARNING pdfminer.pdfinterp Cannot set gray non-stroke color because /'P120' is an invalid float value
2026-06-18 10:11:28,548 WARNING pdfminer.pdfinterp Cannot set gray non-stroke color because /'P121' is an invalid float value
2026-06-18 10:11:28,549 WARNING pdfminer.pdfinterp Cannot set gray non-stroke color because /'P122' is an invalid float value
2026-06-18 10:11:28,549 WARNING pdfminer.pdfinterp Cannot set gray non-stroke color because /'P123' is an invalid float value
2026-06-18 10:11:28,549 WARNING pdfminer.pdfinterp Cannot set gray non-stroke color because /'P124' is an invalid float value
2026-06-18 10:11:28,549 WARNING pdfminer.pdfinterp Cannot set gray non-stroke color because /'P125' is an invalid float value
2026-06-18 10:11:28,549 WARNING pdfminer.pdfinterp Cannot set gray non-stroke color because /'P126' is an invalid float value
2026-06-18 10:11:28,550 WARNING pdfminer.pdfinterp Cannot set gray non-stroke color because /'P127' is an invalid float value
2026-06-18 10:11:28,550 WARNING pdfminer.pdfinterp Cannot set gray non-stroke color because /'P128' is an invalid float value
2026-06-18 10:11:28,551 WARNING pdfminer.pdfinterp Cannot set gray non-stroke color because /'P129' is an invalid float value
2026-06-18 10:11:28,551 WARNING pdfminer.pdfinterp Cannot set gray non-stroke color because /'P130' is an invalid float value
2026-06-18 10:11:28,552 WARNING pdfminer.pdfinterp Cannot set gray non-stroke color because /'P131' is an invalid float value
2026-06-18 10:11:28,553 WARNING pdfminer.pdfinterp Cannot set gray non-stroke color because /'P132' is an invalid float value
2026-06-18 10:11:28,553 WARNING pdfminer.pdfinterp Cannot set gray non-stroke color because /'P133' is an invalid float value
2026-06-18 10:11:28,553 WARNING pdfminer.pdfinterp Cannot set gray non-stroke color because /'P134' is an invalid float value
2026-06-18 10:11:28,554 WARNING pdfminer.pdfinterp Cannot set gray non-stroke color because /'P135' is an invalid float value
2026-06-18 10:11:28,554 WARNING pdfminer.pdfinterp Cannot set gray non-stroke color because /'P136' is an invalid float value
2026-06-18 10:11:28,554 WARNING pdfminer.pdfinterp Cannot set gray non-stroke color because /'P137' is an invalid float value
2026-06-18 10:11:28,554 WARNING pdfminer.pdfinterp Cannot set gray non-stroke color because /'P138' is an invalid float value
2026-06-18 10:11:28,554 WARNING pdfminer.pdfinterp Cannot set gray non-stroke color because /'P139' is an invalid float value
2026-06-18 10:11:28,555 WARNING pdfminer.pdfinterp Cannot set gray non-stroke color because /'P140' is an invalid float value
2026-06-18 10:11:28,555 WARNING pdfminer.pdfinterp Cannot set gray non-stroke color because /'P141' is an invalid float value
2026-06-18 10:11:28,555 WARNING pdfminer.pdfinterp Cannot set gray non-stroke color because /'P142' is an invalid float value
2026-06-18 10:11:28,555 WARNING pdfminer.pdfinterp Cannot set gray non-stroke color because /'P143' is an invalid float value
2026-06-18 10:11:28,555 WARNING pdfminer.pdfinterp Cannot set gray non-stroke color because /'P144' is an invalid float value
2026-06-18 10:11:28,556 WARNING pdfminer.pdfinterp Cannot set gray non-stroke color because /'P145' is an invalid float value
2026-06-18 10:11:28,556 WARNING pdfminer.pdfinterp Cannot set gray non-stroke color because /'P146' is an invalid float value
2026-06-18 10:11:28,557 WARNING pdfminer.pdfinterp Cannot set gray non-stroke color because /'P147' is an invalid float value
2026-06-18 10:11:28,558 WARNING pdfminer.pdfinterp Cannot set gray non-stroke color because /'P148' is an invalid float value
2026-06-18 10:11:28,558 WARNING pdfminer.pdfinterp Cannot set gray non-stroke color because /'P149' is an invalid float value
2026-06-18 10:11:28,558 WARNING pdfminer.pdfinterp Cannot set gray non-stroke color because /'P150' is an invalid float value
2026-06-18 10:11:28,559 WARNING pdfminer.pdfinterp Cannot set gray non-stroke color because /'P151' is an invalid float value
2026-06-18 10:11:28,559 WARNING pdfminer.pdfinterp Cannot set gray non-stroke color because /'P152' is an invalid float value
2026-06-18 10:11:28,559 WARNING pdfminer.pdfinterp Cannot set gray non-stroke color because /'P153' is an invalid float value
2026-06-18 10:11:28,559 WARNING pdfminer.pdfinterp Cannot set gray non-stroke color because /'P154' is an invalid float value
2026-06-18 10:11:28,560 WARNING pdfminer.pdfinterp Cannot set gray non-stroke color because /'P155' is an invalid float value
2026-06-18 10:11:28,560 WARNING pdfminer.pdfinterp Cannot set gray non-stroke color because /'P156' is an invalid float value
2026-06-18 10:11:28,560 WARNING pdfminer.pdfinterp Cannot set gray non-stroke color because /'P157' is an invalid float value
2026-06-18 10:11:28,560 WARNING pdfminer.pdfinterp Cannot set gray non-stroke color because /'P158' is an invalid float value
2026-06-18 10:11:28,561 WARNING pdfminer.pdfinterp Cannot set gray non-stroke color because /'P159' is an invalid float value
2026-06-18 10:11:28,561 WARNING pdfminer.pdfinterp Cannot set gray non-stroke color because /'P160' is an invalid float value
2026-06-18 10:11:28,561 WARNING pdfminer.pdfinterp Cannot set gray non-stroke color because /'P161' is an invalid float value
2026-06-18 10:11:28,562 WARNING pdfminer.pdfinterp Cannot set gray non-stroke color because /'P162' is an invalid float value
2026-06-18 10:11:28,563 WARNING pdfminer.pdfinterp Cannot set gray non-stroke color because /'P163' is an invalid float value
2026-06-18 10:11:28,564 WARNING pdfminer.pdfinterp Cannot set gray non-stroke color because /'P164' is an invalid float value
2026-06-18 10:11:28,564 WARNING pdfminer.pdfinterp Cannot set gray non-stroke color because /'P165' is an invalid float value
2026-06-18 10:11:28,564 WARNING pdfminer.pdfinterp Cannot set gray non-stroke color because /'P166' is an invalid float value
2026-06-18 10:11:28,564 WARNING pdfminer.pdfinterp Cannot set gray non-stroke color because /'P167' is an invalid float value
2026-06-18 10:11:28,565 WARNING pdfminer.pdfinterp Cannot set gray non-stroke color because /'P168' is an invalid float value
2026-06-18 10:11:28,565 WARNING pdfminer.pdfinterp Cannot set gray non-stroke color because /'P169' is an invalid float value
2026-06-18 10:11:28,565 WARNING pdfminer.pdfinterp Cannot set gray non-stroke color because /'P170' is an invalid float value
2026-06-18 10:11:28,565 WARNING pdfminer.pdfinterp Cannot set gray non-stroke color because /'P171' is an invalid float value
2026-06-18 10:11:28,566 WARNING pdfminer.pdfinterp Cannot set gray non-stroke color because /'P172' is an invalid float value
2026-06-18 10:11:28,566 WARNING pdfminer.pdfinterp Cannot set gray non-stroke color because /'P173' is an invalid float value
2026-06-18 10:11:28,566 WARNING pdfminer.pdfinterp Cannot set gray non-stroke color because /'P174' is an invalid float value
2026-06-18 10:11:28,566 WARNING pdfminer.pdfinterp Cannot set gray non-stroke color because /'P175' is an invalid float value
2026-06-18 10:11:28,567 WARNING pdfminer.pdfinterp Cannot set gray non-stroke color because /'P176' is an invalid float value
2026-06-18 10:11:28,567 WARNING pdfminer.pdfinterp Cannot set gray non-stroke color because /'P177' is an invalid float value
2026-06-18 10:11:28,567 WARNING pdfminer.pdfinterp Cannot set gray non-stroke color because /'P178' is an invalid float value
2026-06-18 10:11:28,567 WARNING pdfminer.pdfinterp Cannot set gray non-stroke color because /'P179' is an invalid float value
2026-06-18 10:11:28,568 WARNING pdfminer.pdfinterp Cannot set gray non-stroke color because /'P180' is an invalid float value
2026-06-18 10:11:28,568 WARNING pdfminer.pdfinterp Cannot set gray non-stroke color because /'P181' is an invalid float value
2026-06-18 10:11:28,568 WARNING pdfminer.pdfinterp Cannot set gray non-stroke color because /'P182' is an invalid float value
2026-06-18 10:11:28,568 WARNING pdfminer.pdfinterp Cannot set gray non-stroke color because /'P183' is an invalid float value
2026-06-18 10:11:28,569 WARNING pdfminer.pdfinterp Cannot set gray non-stroke color because /'P184' is an invalid float value
2026-06-18 10:11:28,569 WARNING pdfminer.pdfinterp Cannot set gray non-stroke color because /'P185' is an invalid float value
2026-06-18 10:11:28,569 WARNING pdfminer.pdfinterp Cannot set gray non-stroke color because /'P186' is an invalid float value
2026-06-18 10:11:28,569 WARNING pdfminer.pdfinterp Cannot set gray non-stroke color because /'P187' is an invalid float value
2026-06-18 10:11:28,569 WARNING pdfminer.pdfinterp Cannot set gray non-stroke color because /'P188' is an invalid float value
2026-06-18 10:11:28,570 WARNING pdfminer.pdfinterp Cannot set gray non-stroke color because /'P189' is an invalid float value
2026-06-18 10:11:29,028 WARNING pdfminer.pdfinterp Cannot set gray non-stroke color because /'P210' is an invalid float value
2026-06-18 10:11:29,028 WARNING pdfminer.pdfinterp Cannot set gray non-stroke color because /'P212' is an invalid float value
2026-06-18 10:11:29,029 WARNING pdfminer.pdfinterp Cannot set gray non-stroke color because /'P213' is an invalid float value
2026-06-18 10:11:29,029 WARNING pdfminer.pdfinterp Cannot set gray non-stroke color because /'P214' is an invalid float value
2026-06-18 10:11:29,029 WARNING pdfminer.pdfinterp Cannot set gray non-stroke color because /'P215' is an invalid float value
2026-06-18 10:11:29,029 WARNING pdfminer.pdfinterp Cannot set gray non-stroke color because /'P216' is an invalid float value
2026-06-18 10:11:29,030 WARNING pdfminer.pdfinterp Cannot set gray non-stroke color because /'P217' is an invalid float value
2026-06-18 10:11:29,030 WARNING pdfminer.pdfinterp Cannot set gray non-stroke color because /'P218' is an invalid float value
2026-06-18 10:11:29,030 WARNING pdfminer.pdfinterp Cannot set gray non-stroke color because /'P219' is an invalid float value
2026-06-18 10:11:29,030 WARNING pdfminer.pdfinterp Cannot set gray non-stroke color because /'P220' is an invalid float value
2026-06-18 10:11:29,031 WARNING pdfminer.pdfinterp Cannot set gray non-stroke color because /'P221' is an invalid float value
2026-06-18 10:11:29,031 WARNING pdfminer.pdfinterp Cannot set gray non-stroke color because /'P222' is an invalid float value
2026-06-18 10:11:29,031 WARNING pdfminer.pdfinterp Cannot set gray non-stroke color because /'P223' is an invalid float value
2026-06-18 10:11:29,032 WARNING pdfminer.pdfinterp Cannot set gray non-stroke color because /'P224' is an invalid float value
2026-06-18 10:11:29,032 WARNING pdfminer.pdfinterp Cannot set gray non-stroke color because /'P225' is an invalid float value
2026-06-18 10:11:29,032 WARNING pdfminer.pdfinterp Cannot set gray non-stroke color because /'P226' is an invalid float value
2026-06-18 10:11:29,032 WARNING pdfminer.pdfinterp Cannot set gray non-stroke color because /'P227' is an invalid float value
2026-06-18 10:11:29,032 WARNING pdfminer.pdfinterp Cannot set gray non-stroke color because /'P228' is an invalid float value
2026-06-18 10:11:29,033 WARNING pdfminer.pdfinterp Cannot set gray non-stroke color because /'P229' is an invalid float value
2026-06-18 10:11:29,033 WARNING pdfminer.pdfinterp Cannot set gray non-stroke color because /'P230' is an invalid float value
2026-06-18 10:11:29,034 WARNING pdfminer.pdfinterp Cannot set gray non-stroke color because /'P231' is an invalid float value
2026-06-18 10:11:29,034 WARNING pdfminer.pdfinterp Cannot set gray non-stroke color because /'P232' is an invalid float value
2026-06-18 10:11:29,034 WARNING pdfminer.pdfinterp Cannot set gray non-stroke color because /'P233' is an invalid float value
2026-06-18 10:11:29,035 WARNING pdfminer.pdfinterp Cannot set gray non-stroke color because /'P234' is an invalid float value
2026-06-18 10:11:29,035 WARNING pdfminer.pdfinterp Cannot set gray non-stroke color because /'P235' is an invalid float value
2026-06-18 10:11:29,521 WARNING pdfminer.pdfinterp Cannot set gray stroke color because /'P0' is an invalid float value
2026-06-18 10:11:29,521 WARNING pdfminer.pdfinterp Cannot set gray stroke color because /'P1' is an invalid float value
2026-06-18 10:11:29,521 WARNING pdfminer.pdfinterp Cannot set gray stroke color because /'P2' is an invalid float value
2026-06-18 10:11:29,522 WARNING pdfminer.pdfinterp Cannot set gray stroke color because /'P3' is an invalid float value
2026-06-18 10:11:29,522 WARNING pdfminer.pdfinterp Cannot set gray stroke color because /'P4' is an invalid float value
2026-06-18 10:11:30,224 WARNING pdfminer.pdfinterp Cannot set gray non-stroke color because /'P0' is an invalid float value
2026-06-18 10:11:30,229 WARNING pdfminer.pdfinterp Cannot set gray stroke color because /'P1' is an invalid float value
2026-06-18 10:11:30,298 WARNING pdfminer.pdfinterp Cannot set gray stroke color because /'P0' is an invalid float value
2026-06-18 10:11:30,299 WARNING pdfminer.pdfinterp Cannot set gray stroke color because /'P1' is an invalid float value
2026-06-18 10:11:30,300 WARNING pdfminer.pdfinterp Cannot set gray stroke color because /'P2' is an invalid float value
2026-06-18 10:11:30,301 WARNING pdfminer.pdfinterp Cannot set gray stroke color because /'P3' is an invalid float value
2026-06-18 10:11:30,302 WARNING pdfminer.pdfinterp Cannot set gray stroke color because /'P4' is an invalid float value
2026-06-18 10:11:30,302 WARNING pdfminer.pdfinterp Cannot set gray stroke color because /'P5' is an invalid float value
2026-06-18 10:11:30,303 WARNING pdfminer.pdfinterp Cannot set gray stroke color because /'P6' is an invalid float value
2026-06-18 10:11:30,304 WARNING pdfminer.pdfinterp Cannot set gray stroke color because /'P7' is an invalid float value
2026-06-18 10:11:30,304 WARNING pdfminer.pdfinterp Cannot set gray stroke color because /'P8' is an invalid float value
2026-06-18 10:11:30,305 WARNING pdfminer.pdfinterp Cannot set gray stroke color because /'P9' is an invalid float value
2026-06-18 10:11:30,306 WARNING pdfminer.pdfinterp Cannot set gray stroke color because /'P10' is an invalid float value
2026-06-18 10:11:30,307 WARNING pdfminer.pdfinterp Cannot set gray stroke color because /'P11' is an invalid float value
2026-06-18 10:11:30,307 WARNING pdfminer.pdfinterp Cannot set gray stroke color because /'P12' is an invalid float value
2026-06-18 10:11:30,308 WARNING pdfminer.pdfinterp Cannot set gray stroke color because /'P13' is an invalid float value
2026-06-18 10:11:30,309 WARNING pdfminer.pdfinterp Cannot set gray stroke color because /'P14' is an invalid float value
2026-06-18 10:11:30,310 WARNING pdfminer.pdfinterp Cannot set gray stroke color because /'P15' is an invalid float value
2026-06-18 10:11:30,311 WARNING pdfminer.pdfinterp Cannot set gray stroke color because /'P16' is an invalid float value
2026-06-18 10:11:30,312 WARNING pdfminer.pdfinterp Cannot set gray stroke color because /'P17' is an invalid float value
2026-06-18 10:11:30,312 WARNING pdfminer.pdfinterp Cannot set gray stroke color because /'P18' is an invalid float value
2026-06-18 10:11:30,314 WARNING pdfminer.pdfinterp Cannot set gray stroke color because /'P19' is an invalid float value
2026-06-18 10:11:30,315 WARNING pdfminer.pdfinterp Cannot set gray stroke color because /'P20' is an invalid float value
2026-06-18 10:11:30,317 WARNING pdfminer.pdfinterp Cannot set gray stroke color because /'P21' is an invalid float value
2026-06-18 10:11:30,317 WARNING pdfminer.pdfinterp Cannot set gray stroke color because /'P22' is an invalid float value
2026-06-18 10:11:30,318 WARNING pdfminer.pdfinterp Cannot set gray stroke color because /'P23' is an invalid float value
2026-06-18 10:11:30,319 WARNING pdfminer.pdfinterp Cannot set gray stroke color because /'P24' is an invalid float value
2026-06-18 10:11:30,320 WARNING pdfminer.pdfinterp Cannot set gray stroke color because /'P25' is an invalid float value
2026-06-18 10:11:30,320 WARNING pdfminer.pdfinterp Cannot set gray stroke color because /'P26' is an invalid float value
2026-06-18 10:11:30,321 WARNING pdfminer.pdfinterp Cannot set gray stroke color because /'P27' is an invalid float value
2026-06-18 10:11:30,322 WARNING pdfminer.pdfinterp Cannot set gray stroke color because /'P28' is an invalid float value
2026-06-18 10:11:30,324 WARNING pdfminer.pdfinterp Cannot set gray stroke color because /'P29' is an invalid float value
2026-06-18 10:11:30,326 WARNING pdfminer.pdfinterp Cannot set gray stroke color because /'P30' is an invalid float value
2026-06-18 10:11:30,327 WARNING pdfminer.pdfinterp Cannot set gray stroke color because /'P31' is an invalid float value
2026-06-18 10:11:30,337 WARNING pdfminer.pdfinterp Cannot set gray stroke color because /'P32' is an invalid float value
2026-06-18 10:11:30,339 WARNING pdfminer.pdfinterp Cannot set gray stroke color because /'P33' is an invalid float value
2026-06-18 10:11:30,341 WARNING pdfminer.pdfinterp Cannot set gray stroke color because /'P34' is an invalid float value
2026-06-18 10:11:30,342 WARNING pdfminer.pdfinterp Cannot set gray stroke color because /'P35' is an invalid float value
2026-06-18 10:11:30,343 WARNING pdfminer.pdfinterp Cannot set gray stroke color because /'P36' is an invalid float value
2026-06-18 10:11:30,344 WARNING pdfminer.pdfinterp Cannot set gray stroke color because /'P37' is an invalid float value
2026-06-18 10:11:30,345 WARNING pdfminer.pdfinterp Cannot set gray stroke color because /'P38' is an invalid float value
2026-06-18 10:11:30,346 WARNING pdfminer.pdfinterp Cannot set gray stroke color because /'P39' is an invalid float value
2026-06-18 10:11:30,347 WARNING pdfminer.pdfinterp Cannot set gray stroke color because /'P40' is an invalid float value
2026-06-18 10:11:30,349 WARNING pdfminer.pdfinterp Cannot set gray stroke color because /'P41' is an invalid float value
2026-06-18 10:11:30,352 WARNING pdfminer.pdfinterp Cannot set gray stroke color because /'P42' is an invalid float value
2026-06-18 10:11:30,354 WARNING pdfminer.pdfinterp Cannot set gray stroke color because /'P43' is an invalid float value
2026-06-18 10:11:30,355 WARNING pdfminer.pdfinterp Cannot set gray stroke color because /'P44' is an invalid float value
2026-06-18 10:11:30,358 WARNING pdfminer.pdfinterp Cannot set gray stroke color because /'P45' is an invalid float value
2026-06-18 10:11:30,360 WARNING pdfminer.pdfinterp Cannot set gray stroke color because /'P46' is an invalid float value
2026-06-18 10:11:30,453 WARNING pdfminer.pdfinterp Cannot set gray stroke color because /'P47' is an invalid float value
2026-06-18 10:11:30,507 WARNING pdfminer.pdfinterp Cannot set gray stroke color because /'P48' is an invalid float value
2026-06-18 10:11:30,635 WARNING pdfminer.pdfinterp Cannot set gray stroke color because /'P49' is an invalid float value
2026-06-18 10:11:30,739 WARNING pdfminer.pdfinterp Cannot set gray stroke color because /'P50' is an invalid float value
2026-06-18 10:11:30,860 WARNING pdfminer.pdfinterp Cannot set gray stroke color because /'P51' is an invalid float value
2026-06-18 10:11:30,956 WARNING pdfminer.pdfinterp Cannot set gray stroke color because /'P52' is an invalid float value
2026-06-18 10:11:31,070 WARNING pdfminer.pdfinterp Cannot set gray stroke color because /'P53' is an invalid float value
2026-06-18 10:11:31,160 WARNING pdfminer.pdfinterp Cannot set gray stroke color because /'P54' is an invalid float value
2026-06-18 10:11:31,251 WARNING pdfminer.pdfinterp Cannot set gray stroke color because /'P55' is an invalid float value
2026-06-18 10:11:31,367 WARNING pdfminer.pdfinterp Cannot set gray stroke color because /'P56' is an invalid float value
2026-06-18 10:11:31,466 WARNING pdfminer.pdfinterp Cannot set gray stroke color because /'P57' is an invalid float value
2026-06-18 10:11:31,579 WARNING pdfminer.pdfinterp Cannot set gray stroke color because /'P58' is an invalid float value
2026-06-18 10:11:31,665 WARNING pdfminer.pdfinterp Cannot set gray stroke color because /'P59' is an invalid float value
2026-06-18 10:11:31,766 WARNING pdfminer.pdfinterp Cannot set gray stroke color because /'P60' is an invalid float value
2026-06-18 10:11:31,897 WARNING pdfminer.pdfinterp Cannot set gray stroke color because /'P61' is an invalid float value
2026-06-18 10:11:31,994 WARNING pdfminer.pdfinterp Cannot set gray stroke color because /'P62' is an invalid float value
2026-06-18 10:11:32,115 WARNING pdfminer.pdfinterp Cannot set gray stroke color because /'P63' is an invalid float value
2026-06-18 10:11:32,214 WARNING pdfminer.pdfinterp Cannot set gray stroke color because /'P64' is an invalid float value
2026-06-18 10:11:32,310 WARNING pdfminer.pdfinterp Cannot set gray stroke color because /'P65' is an invalid float value
2026-06-18 10:11:32,432 WARNING pdfminer.pdfinterp Cannot set gray stroke color because /'P66' is an invalid float value
2026-06-18 10:11:32,538 WARNING pdfminer.pdfinterp Cannot set gray stroke color because /'P67' is an invalid float value
2026-06-18 10:11:32,539 WARNING pdfminer.pdfinterp Cannot set gray stroke color because /'P68' is an invalid float value
2026-06-18 10:11:32,539 WARNING pdfminer.pdfinterp Cannot set gray stroke color because /'P69' is an invalid float value
2026-06-18 10:11:32,539 WARNING pdfminer.pdfinterp Cannot set gray stroke color because /'P70' is an invalid float value
2026-06-18 10:11:32,540 WARNING pdfminer.pdfinterp Cannot set gray stroke color because /'P71' is an invalid float value
2026-06-18 10:11:33,482 WARNING pdfminer.pdfinterp Cannot set gray stroke color because /'P0' is an invalid float value
2026-06-18 10:11:33,483 WARNING pdfminer.pdfinterp Cannot set gray stroke color because /'P1' is an invalid float value
2026-06-18 10:11:33,484 WARNING pdfminer.pdfinterp Cannot set gray stroke color because /'P2' is an invalid float value
2026-06-18 10:11:33,485 WARNING pdfminer.pdfinterp Cannot set gray stroke color because /'P3' is an invalid float value
2026-06-18 10:11:33,486 WARNING pdfminer.pdfinterp Cannot set gray stroke color because /'P4' is an invalid float value
2026-06-18 10:11:33,486 WARNING pdfminer.pdfinterp Cannot set gray stroke color because /'P5' is an invalid float value
2026-06-18 10:11:33,487 WARNING pdfminer.pdfinterp Cannot set gray stroke color because /'P6' is an invalid float value
2026-06-18 10:11:33,488 WARNING pdfminer.pdfinterp Cannot set gray stroke color because /'P7' is an invalid float value
2026-06-18 10:11:33,489 WARNING pdfminer.pdfinterp Cannot set gray stroke color because /'P8' is an invalid float value
2026-06-18 10:11:33,490 WARNING pdfminer.pdfinterp Cannot set gray stroke color because /'P9' is an invalid float value
2026-06-18 10:11:33,494 WARNING pdfminer.pdfinterp Cannot set gray stroke color because /'P10' is an invalid float value
2026-06-18 10:11:33,500 WARNING pdfminer.pdfinterp Cannot set gray stroke color because /'P11' is an invalid float value
2026-06-18 10:11:33,504 WARNING pdfminer.pdfinterp Cannot set gray stroke color because /'P12' is an invalid float value
2026-06-18 10:11:33,505 WARNING pdfminer.pdfinterp Cannot set gray stroke color because /'P13' is an invalid float value
2026-06-18 10:11:33,508 WARNING pdfminer.pdfinterp Cannot set gray stroke color because /'P14' is an invalid float value
2026-06-18 10:11:33,510 WARNING pdfminer.pdfinterp Cannot set gray stroke color because /'P15' is an invalid float value
2026-06-18 10:11:33,511 WARNING pdfminer.pdfinterp Cannot set gray stroke color because /'P16' is an invalid float value
2026-06-18 10:11:33,513 WARNING pdfminer.pdfinterp Cannot set gray stroke color because /'P17' is an invalid float value
2026-06-18 10:11:33,515 WARNING pdfminer.pdfinterp Cannot set gray stroke color because /'P18' is an invalid float value
2026-06-18 10:11:33,518 WARNING pdfminer.pdfinterp Cannot set gray stroke color because /'P19' is an invalid float value
2026-06-18 10:11:33,520 WARNING pdfminer.pdfinterp Cannot set gray stroke color because /'P20' is an invalid float value
2026-06-18 10:11:33,522 WARNING pdfminer.pdfinterp Cannot set gray stroke color because /'P21' is an invalid float value
2026-06-18 10:11:33,525 WARNING pdfminer.pdfinterp Cannot set gray stroke color because /'P22' is an invalid float value
2026-06-18 10:11:33,526 WARNING pdfminer.pdfinterp Cannot set gray stroke color because /'P23' is an invalid float value
2026-06-18 10:11:33,527 WARNING pdfminer.pdfinterp Cannot set gray stroke color because /'P24' is an invalid float value
2026-06-18 10:11:33,528 WARNING pdfminer.pdfinterp Cannot set gray stroke color because /'P25' is an invalid float value
2026-06-18 10:11:33,528 WARNING pdfminer.pdfinterp Cannot set gray stroke color because /'P26' is an invalid float value
2026-06-18 10:11:33,529 WARNING pdfminer.pdfinterp Cannot set gray stroke color because /'P27' is an invalid float value
2026-06-18 10:11:33,530 WARNING pdfminer.pdfinterp Cannot set gray stroke color because /'P28' is an invalid float value
2026-06-18 10:11:33,531 WARNING pdfminer.pdfinterp Cannot set gray stroke color because /'P29' is an invalid float value
2026-06-18 10:11:33,532 WARNING pdfminer.pdfinterp Cannot set gray stroke color because /'P30' is an invalid float value
2026-06-18 10:11:33,533 WARNING pdfminer.pdfinterp Cannot set gray stroke color because /'P31' is an invalid float value
2026-06-18 10:11:33,534 WARNING pdfminer.pdfinterp Cannot set gray stroke color because /'P32' is an invalid float value
2026-06-18 10:11:33,535 WARNING pdfminer.pdfinterp Cannot set gray stroke color because /'P33' is an invalid float value
2026-06-18 10:11:33,535 WARNING pdfminer.pdfinterp Cannot set gray stroke color because /'P34' is an invalid float value
2026-06-18 10:11:33,536 WARNING pdfminer.pdfinterp Cannot set gray stroke color because /'P35' is an invalid float value
2026-06-18 10:11:33,537 WARNING pdfminer.pdfinterp Cannot set gray stroke color because /'P36' is an invalid float value
2026-06-18 10:11:33,537 WARNING pdfminer.pdfinterp Cannot set gray stroke color because /'P37' is an invalid float value
2026-06-18 10:11:33,538 WARNING pdfminer.pdfinterp Cannot set gray stroke color because /'P38' is an invalid float value
2026-06-18 10:11:33,539 WARNING pdfminer.pdfinterp Cannot set gray stroke color because /'P39' is an invalid float value
2026-06-18 10:11:33,540 WARNING pdfminer.pdfinterp Cannot set gray stroke color because /'P40' is an invalid float value
2026-06-18 10:11:33,540 WARNING pdfminer.pdfinterp Cannot set gray stroke color because /'P41' is an invalid float value
2026-06-18 10:11:33,541 WARNING pdfminer.pdfinterp Cannot set gray stroke color because /'P42' is an invalid float value
2026-06-18 10:11:33,542 WARNING pdfminer.pdfinterp Cannot set gray stroke color because /'P43' is an invalid float value
2026-06-18 10:11:33,543 WARNING pdfminer.pdfinterp Cannot set gray stroke color because /'P44' is an invalid float value
2026-06-18 10:11:33,543 WARNING pdfminer.pdfinterp Cannot set gray stroke color because /'P45' is an invalid float value
2026-06-18 10:11:33,544 WARNING pdfminer.pdfinterp Cannot set gray stroke color because /'P46' is an invalid float value
2026-06-18 10:11:33,545 WARNING pdfminer.pdfinterp Cannot set gray stroke color because /'P47' is an invalid float value
2026-06-18 10:11:33,546 WARNING pdfminer.pdfinterp Cannot set gray stroke color because /'P48' is an invalid float value
2026-06-18 10:11:33,546 WARNING pdfminer.pdfinterp Cannot set gray stroke color because /'P49' is an invalid float value
2026-06-18 10:11:33,547 WARNING pdfminer.pdfinterp Cannot set gray stroke color because /'P50' is an invalid float value
2026-06-18 10:11:33,547 WARNING pdfminer.pdfinterp Cannot set gray stroke color because /'P51' is an invalid float value
2026-06-18 10:11:33,548 WARNING pdfminer.pdfinterp Cannot set gray stroke color because /'P52' is an invalid float value
2026-06-18 10:11:33,548 WARNING pdfminer.pdfinterp Cannot set gray stroke color because /'P53' is an invalid float value
2026-06-18 10:11:33,549 WARNING pdfminer.pdfinterp Cannot set gray stroke color because /'P54' is an invalid float value
2026-06-18 10:11:33,550 WARNING pdfminer.pdfinterp Cannot set gray stroke color because /'P55' is an invalid float value
2026-06-18 10:11:33,551 WARNING pdfminer.pdfinterp Cannot set gray stroke color because /'P56' is an invalid float value
2026-06-18 10:11:33,552 WARNING pdfminer.pdfinterp Cannot set gray stroke color because /'P57' is an invalid float value
2026-06-18 10:11:33,553 WARNING pdfminer.pdfinterp Cannot set gray stroke color because /'P58' is an invalid float value
2026-06-18 10:11:33,554 WARNING pdfminer.pdfinterp Cannot set gray stroke color because /'P59' is an invalid float value
2026-06-18 10:11:33,555 WARNING pdfminer.pdfinterp Cannot set gray stroke color because /'P60' is an invalid float value
2026-06-18 10:11:33,556 WARNING pdfminer.pdfinterp Cannot set gray stroke color because /'P61' is an invalid float value
2026-06-18 10:11:33,557 WARNING pdfminer.pdfinterp Cannot set gray stroke color because /'P62' is an invalid float value
2026-06-18 10:11:33,558 WARNING pdfminer.pdfinterp Cannot set gray stroke color because /'P63' is an invalid float value
2026-06-18 10:11:33,558 WARNING pdfminer.pdfinterp Cannot set gray stroke color because /'P64' is an invalid float value
2026-06-18 10:11:33,559 WARNING pdfminer.pdfinterp Cannot set gray stroke color because /'P65' is an invalid float value
2026-06-18 10:11:33,559 WARNING pdfminer.pdfinterp Cannot set gray stroke color because /'P66' is an invalid float value
2026-06-18 10:11:33,560 WARNING pdfminer.pdfinterp Cannot set gray stroke color because /'P67' is an invalid float value
2026-06-18 10:11:33,561 WARNING pdfminer.pdfinterp Cannot set gray stroke color because /'P68' is an invalid float value
2026-06-18 10:11:33,561 WARNING pdfminer.pdfinterp Cannot set gray stroke color because /'P69' is an invalid float value
2026-06-18 10:11:33,562 WARNING pdfminer.pdfinterp Cannot set gray stroke color because /'P70' is an invalid float value
2026-06-18 10:11:33,562 WARNING pdfminer.pdfinterp Cannot set gray stroke color because /'P71' is an invalid float value
2026-06-18 10:11:33,563 WARNING pdfminer.pdfinterp Cannot set gray stroke color because /'P72' is an invalid float value
2026-06-18 10:11:33,563 WARNING pdfminer.pdfinterp Cannot set gray stroke color because /'P73' is an invalid float value
2026-06-18 10:11:33,564 WARNING pdfminer.pdfinterp Cannot set gray stroke color because /'P74' is an invalid float value
2026-06-18 10:11:33,565 WARNING pdfminer.pdfinterp Cannot set gray stroke color because /'P75' is an invalid float value
2026-06-18 10:11:33,565 WARNING pdfminer.pdfinterp Cannot set gray stroke color because /'P76' is an invalid float value
2026-06-18 10:11:33,566 WARNING pdfminer.pdfinterp Cannot set gray stroke color because /'P77' is an invalid float value
2026-06-18 10:11:33,566 WARNING pdfminer.pdfinterp Cannot set gray stroke color because /'P78' is an invalid float value
2026-06-18 10:11:33,567 WARNING pdfminer.pdfinterp Cannot set gray stroke color because /'P79' is an invalid float value
2026-06-18 10:11:33,567 WARNING pdfminer.pdfinterp Cannot set gray stroke color because /'P80' is an invalid float value
2026-06-18 10:11:33,568 WARNING pdfminer.pdfinterp Cannot set gray stroke color because /'P81' is an invalid float value
2026-06-18 10:11:33,569 WARNING pdfminer.pdfinterp Cannot set gray stroke color because /'P82' is an invalid float value
2026-06-18 10:11:33,569 WARNING pdfminer.pdfinterp Cannot set gray stroke color because /'P83' is an invalid float value
2026-06-18 10:11:33,570 WARNING pdfminer.pdfinterp Cannot set gray stroke color because /'P84' is an invalid float value
2026-06-18 10:11:33,571 WARNING pdfminer.pdfinterp Cannot set gray stroke color because /'P85' is an invalid float value
2026-06-18 10:11:33,571 WARNING pdfminer.pdfinterp Cannot set gray stroke color because /'P86' is an invalid float value
2026-06-18 10:11:33,572 WARNING pdfminer.pdfinterp Cannot set gray stroke color because /'P87' is an invalid float value
2026-06-18 10:11:33,572 WARNING pdfminer.pdfinterp Cannot set gray stroke color because /'P88' is an invalid float value
2026-06-18 10:11:33,573 WARNING pdfminer.pdfinterp Cannot set gray stroke color because /'P89' is an invalid float value
2026-06-18 10:11:33,574 WARNING pdfminer.pdfinterp Cannot set gray stroke color because /'P90' is an invalid float value
2026-06-18 10:11:33,574 WARNING pdfminer.pdfinterp Cannot set gray stroke color because /'P91' is an invalid float value
2026-06-18 10:11:33,575 WARNING pdfminer.pdfinterp Cannot set gray stroke color because /'P92' is an invalid float value
2026-06-18 10:11:33,576 WARNING pdfminer.pdfinterp Cannot set gray stroke color because /'P93' is an invalid float value
2026-06-18 10:11:33,576 WARNING pdfminer.pdfinterp Cannot set gray stroke color because /'P94' is an invalid float value
2026-06-18 10:11:33,577 WARNING pdfminer.pdfinterp Cannot set gray stroke color because /'P95' is an invalid float value
2026-06-18 10:11:33,578 WARNING pdfminer.pdfinterp Cannot set gray stroke color because /'P96' is an invalid float value
2026-06-18 10:11:33,578 WARNING pdfminer.pdfinterp Cannot set gray stroke color because /'P97' is an invalid float value
2026-06-18 10:11:33,579 WARNING pdfminer.pdfinterp Cannot set gray stroke color because /'P98' is an invalid float value
2026-06-18 10:11:33,579 WARNING pdfminer.pdfinterp Cannot set gray stroke color because /'P99' is an invalid float value
2026-06-18 10:11:33,580 WARNING pdfminer.pdfinterp Cannot set gray stroke color because /'P100' is an invalid float value
2026-06-18 10:11:33,581 WARNING pdfminer.pdfinterp Cannot set gray stroke color because /'P101' is an invalid float value
2026-06-18 10:11:33,581 WARNING pdfminer.pdfinterp Cannot set gray stroke color because /'P102' is an invalid float value
2026-06-18 10:11:33,582 WARNING pdfminer.pdfinterp Cannot set gray stroke color because /'P103' is an invalid float value
2026-06-18 10:11:33,582 WARNING pdfminer.pdfinterp Cannot set gray stroke color because /'P104' is an invalid float value
2026-06-18 10:11:33,583 WARNING pdfminer.pdfinterp Cannot set gray stroke color because /'P105' is an invalid float value
2026-06-18 10:11:33,584 WARNING pdfminer.pdfinterp Cannot set gray stroke color because /'P106' is an invalid float value
2026-06-18 10:11:33,584 WARNING pdfminer.pdfinterp Cannot set gray stroke color because /'P107' is an invalid float value
2026-06-18 10:11:33,585 WARNING pdfminer.pdfinterp Cannot set gray stroke color because /'P108' is an invalid float value
2026-06-18 10:11:33,585 WARNING pdfminer.pdfinterp Cannot set gray stroke color because /'P109' is an invalid float value
2026-06-18 10:11:33,586 WARNING pdfminer.pdfinterp Cannot set gray stroke color because /'P110' is an invalid float value
2026-06-18 10:11:33,586 WARNING pdfminer.pdfinterp Cannot set gray stroke color because /'P111' is an invalid float value
2026-06-18 10:11:33,587 WARNING pdfminer.pdfinterp Cannot set gray stroke color because /'P112' is an invalid float value
2026-06-18 10:11:33,588 WARNING pdfminer.pdfinterp Cannot set gray stroke color because /'P113' is an invalid float value
2026-06-18 10:11:33,588 WARNING pdfminer.pdfinterp Cannot set gray stroke color because /'P114' is an invalid float value
2026-06-18 10:11:33,589 WARNING pdfminer.pdfinterp Cannot set gray stroke color because /'P115' is an invalid float value
2026-06-18 10:11:33,590 WARNING pdfminer.pdfinterp Cannot set gray stroke color because /'P116' is an invalid float value
2026-06-18 10:11:33,591 WARNING pdfminer.pdfinterp Cannot set gray stroke color because /'P117' is an invalid float value
2026-06-18 10:11:33,591 WARNING pdfminer.pdfinterp Cannot set gray stroke color because /'P118' is an invalid float value
2026-06-18 10:11:33,592 WARNING pdfminer.pdfinterp Cannot set gray stroke color because /'P119' is an invalid float value
2026-06-18 10:11:33,593 WARNING pdfminer.pdfinterp Cannot set gray stroke color because /'P120' is an invalid float value
2026-06-18 10:11:33,594 WARNING pdfminer.pdfinterp Cannot set gray stroke color because /'P121' is an invalid float value
2026-06-18 10:11:33,595 WARNING pdfminer.pdfinterp Cannot set gray stroke color because /'P122' is an invalid float value
2026-06-18 10:11:33,595 WARNING pdfminer.pdfinterp Cannot set gray stroke color because /'P123' is an invalid float value
2026-06-18 10:11:33,597 WARNING pdfminer.pdfinterp Cannot set gray stroke color because /'P124' is an invalid float value
2026-06-18 10:11:33,598 WARNING pdfminer.pdfinterp Cannot set gray stroke color because /'P125' is an invalid float value
2026-06-18 10:11:33,598 WARNING pdfminer.pdfinterp Cannot set gray stroke color because /'P126' is an invalid float value
2026-06-18 10:11:33,599 WARNING pdfminer.pdfinterp Cannot set gray stroke color because /'P127' is an invalid float value
2026-06-18 10:11:33,601 WARNING pdfminer.pdfinterp Cannot set gray stroke color because /'P128' is an invalid float value
2026-06-18 10:11:33,602 WARNING pdfminer.pdfinterp Cannot set gray stroke color because /'P129' is an invalid float value
2026-06-18 10:11:33,603 WARNING pdfminer.pdfinterp Cannot set gray stroke color because /'P130' is an invalid float value
2026-06-18 10:11:33,603 WARNING pdfminer.pdfinterp Cannot set gray stroke color because /'P131' is an invalid float value
2026-06-18 10:11:33,604 WARNING pdfminer.pdfinterp Cannot set gray stroke color because /'P132' is an invalid float value
2026-06-18 10:11:33,605 WARNING pdfminer.pdfinterp Cannot set gray stroke color because /'P133' is an invalid float value
2026-06-18 10:11:33,605 WARNING pdfminer.pdfinterp Cannot set gray stroke color because /'P134' is an invalid float value
2026-06-18 10:11:33,606 WARNING pdfminer.pdfinterp Cannot set gray stroke color because /'P135' is an invalid float value
2026-06-18 10:11:33,606 WARNING pdfminer.pdfinterp Cannot set gray stroke color because /'P136' is an invalid float value
2026-06-18 10:11:33,606 WARNING pdfminer.pdfinterp Cannot set gray stroke color because /'P137' is an invalid float value
2026-06-18 10:11:33,607 WARNING pdfminer.pdfinterp Cannot set gray stroke color because /'P138' is an invalid float value
2026-06-18 10:11:33,609 WARNING pdfminer.pdfinterp Cannot set gray stroke color because /'P139' is an invalid float value
2026-06-18 10:11:33,611 WARNING pdfminer.pdfinterp Cannot set gray stroke color because /'P140' is an invalid float value
2026-06-18 10:11:33,612 WARNING pdfminer.pdfinterp Cannot set gray stroke color because /'P141' is an invalid float value
2026-06-18 10:11:33,614 WARNING pdfminer.pdfinterp Cannot set gray stroke color because /'P142' is an invalid float value
2026-06-18 10:11:33,616 WARNING pdfminer.pdfinterp Cannot set gray stroke color because /'P143' is an invalid float value
2026-06-18 10:11:33,617 WARNING pdfminer.pdfinterp Cannot set gray stroke color because /'P144' is an invalid float value
2026-06-18 10:11:33,618 WARNING pdfminer.pdfinterp Cannot set gray stroke color because /'P145' is an invalid float value
2026-06-18 10:11:33,618 WARNING pdfminer.pdfinterp Cannot set gray stroke color because /'P146' is an invalid float value
2026-06-18 10:11:33,619 WARNING pdfminer.pdfinterp Cannot set gray stroke color because /'P147' is an invalid float value
2026-06-18 10:11:33,621 WARNING pdfminer.pdfinterp Cannot set gray stroke color because /'P148' is an invalid float value
2026-06-18 10:11:33,624 WARNING pdfminer.pdfinterp Cannot set gray stroke color because /'P149' is an invalid float value
2026-06-18 10:11:33,626 WARNING pdfminer.pdfinterp Cannot set gray stroke color because /'P150' is an invalid float value
2026-06-18 10:11:33,628 WARNING pdfminer.pdfinterp Cannot set gray stroke color because /'P151' is an invalid float value
2026-06-18 10:11:33,630 WARNING pdfminer.pdfinterp Cannot set gray stroke color because /'P152' is an invalid float value
2026-06-18 10:11:33,632 WARNING pdfminer.pdfinterp Cannot set gray stroke color because /'P153' is an invalid float value
2026-06-18 10:11:33,633 WARNING pdfminer.pdfinterp Cannot set gray stroke color because /'P154' is an invalid float value
2026-06-18 10:11:33,693 WARNING pdfminer.pdfinterp Cannot set gray stroke color because /'P155' is an invalid float value
2026-06-18 10:11:33,861 WARNING pdfminer.pdfinterp Cannot set gray stroke color because /'P156' is an invalid float value
2026-06-18 10:11:33,964 WARNING pdfminer.pdfinterp Cannot set gray stroke color because /'P157' is an invalid float value
2026-06-18 10:11:34,081 WARNING pdfminer.pdfinterp Cannot set gray stroke color because /'P158' is an invalid float value
2026-06-18 10:11:34,183 WARNING pdfminer.pdfinterp Cannot set gray stroke color because /'P159' is an invalid float value
2026-06-18 10:11:34,274 WARNING pdfminer.pdfinterp Cannot set gray stroke color because /'P160' is an invalid float value
2026-06-18 10:11:34,431 WARNING pdfminer.pdfinterp Cannot set gray stroke color because /'P161' is an invalid float value
2026-06-18 10:11:34,503 WARNING pdfminer.pdfinterp Cannot set gray stroke color because /'P162' is an invalid float value
2026-06-18 10:11:34,605 WARNING pdfminer.pdfinterp Cannot set gray stroke color because /'P163' is an invalid float value
2026-06-18 10:11:34,696 WARNING pdfminer.pdfinterp Cannot set gray stroke color because /'P164' is an invalid float value
2026-06-18 10:11:34,761 WARNING pdfminer.pdfinterp Cannot set gray stroke color because /'P165' is an invalid float value
2026-06-18 10:11:34,838 WARNING pdfminer.pdfinterp Cannot set gray stroke color because /'P166' is an invalid float value
2026-06-18 10:11:34,994 WARNING pdfminer.pdfinterp Cannot set gray stroke color because /'P167' is an invalid float value
2026-06-18 10:11:35,068 WARNING pdfminer.pdfinterp Cannot set gray stroke color because /'P168' is an invalid float value
2026-06-18 10:11:35,162 WARNING pdfminer.pdfinterp Cannot set gray stroke color because /'P169' is an invalid float value
2026-06-18 10:11:35,264 WARNING pdfminer.pdfinterp Cannot set gray stroke color because /'P170' is an invalid float value
2026-06-18 10:11:35,322 WARNING pdfminer.pdfinterp Cannot set gray stroke color because /'P171' is an invalid float value
2026-06-18 10:11:35,492 WARNING pdfminer.pdfinterp Cannot set gray stroke color because /'P172' is an invalid float value
2026-06-18 10:11:35,578 WARNING pdfminer.pdfinterp Cannot set gray stroke color because /'P173' is an invalid float value
2026-06-18 10:11:35,664 WARNING pdfminer.pdfinterp Cannot set gray stroke color because /'P174' is an invalid float value
2026-06-18 10:11:35,740 WARNING pdfminer.pdfinterp Cannot set gray stroke color because /'P175' is an invalid float value
2026-06-18 10:11:35,838 WARNING pdfminer.pdfinterp Cannot set gray stroke color because /'P176' is an invalid float value
2026-06-18 10:11:36,023 WARNING pdfminer.pdfinterp Cannot set gray stroke color because /'P177' is an invalid float value
2026-06-18 10:11:36,116 WARNING pdfminer.pdfinterp Cannot set gray stroke color because /'P178' is an invalid float value
2026-06-18 10:11:36,190 WARNING pdfminer.pdfinterp Cannot set gray stroke color because /'P179' is an invalid float value
2026-06-18 10:11:36,291 WARNING pdfminer.pdfinterp Cannot set gray stroke color because /'P180' is an invalid float value
2026-06-18 10:11:36,398 WARNING pdfminer.pdfinterp Cannot set gray stroke color because /'P181' is an invalid float value
2026-06-18 10:11:36,488 WARNING pdfminer.pdfinterp Cannot set gray stroke color because /'P182' is an invalid float value
2026-06-18 10:11:36,621 WARNING pdfminer.pdfinterp Cannot set gray stroke color because /'P183' is an invalid float value
2026-06-18 10:11:36,696 WARNING pdfminer.pdfinterp Cannot set gray stroke color because /'P184' is an invalid float value
2026-06-18 10:11:36,760 WARNING pdfminer.pdfinterp Cannot set gray stroke color because /'P185' is an invalid float value
2026-06-18 10:11:36,824 WARNING pdfminer.pdfinterp Cannot set gray stroke color because /'P186' is an invalid float value
2026-06-18 10:11:36,899 WARNING pdfminer.pdfinterp Cannot set gray stroke color because /'P187' is an invalid float value
2026-06-18 10:11:36,969 WARNING pdfminer.pdfinterp Cannot set gray stroke color because /'P188' is an invalid float value
2026-06-18 10:11:37,043 WARNING pdfminer.pdfinterp Cannot set gray stroke color because /'P189' is an invalid float value
2026-06-18 10:11:37,204 WARNING pdfminer.pdfinterp Cannot set gray stroke color because /'P190' is an invalid float value
2026-06-18 10:11:37,307 WARNING pdfminer.pdfinterp Cannot set gray stroke color because /'P191' is an invalid float value
2026-06-18 10:11:37,398 WARNING pdfminer.pdfinterp Cannot set gray stroke color because /'P192' is an invalid float value
2026-06-18 10:11:37,485 WARNING pdfminer.pdfinterp Cannot set gray stroke color because /'P193' is an invalid float value
2026-06-18 10:11:37,565 WARNING pdfminer.pdfinterp Cannot set gray stroke color because /'P194' is an invalid float value
2026-06-18 10:11:37,690 WARNING pdfminer.pdfinterp Cannot set gray stroke color because /'P195' is an invalid float value
2026-06-18 10:11:37,769 WARNING pdfminer.pdfinterp Cannot set gray stroke color because /'P196' is an invalid float value
2026-06-18 10:11:37,834 WARNING pdfminer.pdfinterp Cannot set gray stroke color because /'P197' is an invalid float value
2026-06-18 10:11:37,911 WARNING pdfminer.pdfinterp Cannot set gray stroke color because /'P198' is an invalid float value
2026-06-18 10:11:37,988 WARNING pdfminer.pdfinterp Cannot set gray stroke color because /'P199' is an invalid float value
2026-06-18 10:11:38,058 WARNING pdfminer.pdfinterp Cannot set gray stroke color because /'P200' is an invalid float value
2026-06-18 10:11:38,147 WARNING pdfminer.pdfinterp Cannot set gray stroke color because /'P201' is an invalid float value
2026-06-18 10:11:38,272 WARNING pdfminer.pdfinterp Cannot set gray stroke color because /'P202' is an invalid float value
2026-06-18 10:11:38,352 WARNING pdfminer.pdfinterp Cannot set gray stroke color because /'P203' is an invalid float value
2026-06-18 10:11:38,456 WARNING pdfminer.pdfinterp Cannot set gray stroke color because /'P204' is an invalid float value
2026-06-18 10:11:38,562 WARNING pdfminer.pdfinterp Cannot set gray stroke color because /'P205' is an invalid float value
2026-06-18 10:11:38,690 WARNING pdfminer.pdfinterp Cannot set gray stroke color because /'P206' is an invalid float value
2026-06-18 10:11:38,866 WARNING pdfminer.pdfinterp Cannot set gray stroke color because /'P207' is an invalid float value
2026-06-18 10:11:38,974 WARNING pdfminer.pdfinterp Cannot set gray stroke color because /'P208' is an invalid float value
2026-06-18 10:11:39,120 WARNING pdfminer.pdfinterp Cannot set gray stroke color because /'P209' is an invalid float value
2026-06-18 10:11:39,352 WARNING pdfminer.pdfinterp Cannot set gray stroke color because /'P210' is an invalid float value
2026-06-18 10:11:39,492 WARNING pdfminer.pdfinterp Cannot set gray stroke color because /'P211' is an invalid float value
2026-06-18 10:11:39,716 WARNING pdfminer.pdfinterp Cannot set gray stroke color because /'P212' is an invalid float value
2026-06-18 10:11:39,853 WARNING pdfminer.pdfinterp Cannot set gray stroke color because /'P213' is an invalid float value
2026-06-18 10:11:39,999 WARNING pdfminer.pdfinterp Cannot set gray stroke color because /'P214' is an invalid float value
2026-06-18 10:11:40,221 WARNING pdfminer.pdfinterp Cannot set gray stroke color because /'P215' is an invalid float value
2026-06-18 10:11:40,382 WARNING pdfminer.pdfinterp Cannot set gray stroke color because /'P216' is an invalid float value
2026-06-18 10:11:40,602 WARNING pdfminer.pdfinterp Cannot set gray stroke color because /'P217' is an invalid float value
2026-06-18 10:11:40,750 WARNING pdfminer.pdfinterp Cannot set gray stroke color because /'P218' is an invalid float value
2026-06-18 10:11:40,999 WARNING pdfminer.pdfinterp Cannot set gray stroke color because /'P219' is an invalid float value
2026-06-18 10:11:41,144 WARNING pdfminer.pdfinterp Cannot set gray stroke color because /'P220' is an invalid float value
2026-06-18 10:11:41,286 WARNING pdfminer.pdfinterp Cannot set gray stroke color because /'P221' is an invalid float value
2026-06-18 10:11:41,522 WARNING pdfminer.pdfinterp Cannot set gray stroke color because /'P222' is an invalid float value
2026-06-18 10:11:41,682 WARNING pdfminer.pdfinterp Cannot set gray stroke color because /'P223' is an invalid float value
2026-06-18 10:11:41,906 WARNING pdfminer.pdfinterp Cannot set gray stroke color because /'P224' is an invalid float value
2026-06-18 10:11:42,054 WARNING pdfminer.pdfinterp Cannot set gray stroke color because /'P225' is an invalid float value
2026-06-18 10:11:42,205 WARNING pdfminer.pdfinterp Cannot set gray stroke color because /'P226' is an invalid float value
2026-06-18 10:11:42,425 WARNING pdfminer.pdfinterp Cannot set gray stroke color because /'P227' is an invalid float value
2026-06-18 10:11:42,577 WARNING pdfminer.pdfinterp Cannot set gray stroke color because /'P228' is an invalid float value
2026-06-18 10:11:42,823 WARNING pdfminer.pdfinterp Cannot set gray stroke color because /'P229' is an invalid float value
2026-06-18 10:11:42,976 WARNING pdfminer.pdfinterp Cannot set gray stroke color because /'P230' is an invalid float value
2026-06-18 10:11:43,152 WARNING pdfminer.pdfinterp Cannot set gray stroke color because /'P231' is an invalid float value
2026-06-18 10:11:43,366 WARNING pdfminer.pdfinterp Cannot set gray stroke color because /'P232' is an invalid float value
2026-06-18 10:11:43,511 WARNING pdfminer.pdfinterp Cannot set gray stroke color because /'P233' is an invalid float value
2026-06-18 10:11:43,738 WARNING pdfminer.pdfinterp Cannot set gray stroke color because /'P234' is an invalid float value
2026-06-18 10:11:43,875 WARNING pdfminer.pdfinterp Cannot set gray stroke color because /'P235' is an invalid float value
2026-06-18 10:11:44,040 WARNING pdfminer.pdfinterp Cannot set gray stroke color because /'P236' is an invalid float value
2026-06-18 10:11:44,258 WARNING pdfminer.pdfinterp Cannot set gray stroke color because /'P237' is an invalid float value
2026-06-18 10:11:44,399 WARNING pdfminer.pdfinterp Cannot set gray stroke color because /'P238' is an invalid float value
2026-06-18 10:11:44,647 WARNING pdfminer.pdfinterp Cannot set gray stroke color because /'P239' is an invalid float value
2026-06-18 10:11:44,801 WARNING pdfminer.pdfinterp Cannot set gray stroke color because /'P240' is an invalid float value
2026-06-18 10:11:44,986 WARNING pdfminer.pdfinterp Cannot set gray stroke color because /'P241' is an invalid float value
2026-06-18 10:11:45,239 WARNING pdfminer.pdfinterp Cannot set gray stroke color because /'P242' is an invalid float value
2026-06-18 10:11:45,392 WARNING pdfminer.pdfinterp Cannot set gray stroke color because /'P243' is an invalid float value
2026-06-18 10:11:45,649 WARNING pdfminer.pdfinterp Cannot set gray stroke color because /'P244' is an invalid float value
2026-06-18 10:11:45,785 WARNING pdfminer.pdfinterp Cannot set gray stroke color because /'P245' is an invalid float value
2026-06-18 10:11:45,928 WARNING pdfminer.pdfinterp Cannot set gray stroke color because /'P246' is an invalid float value
2026-06-18 10:11:46,171 WARNING pdfminer.pdfinterp Cannot set gray stroke color because /'P247' is an invalid float value
2026-06-18 10:11:46,308 WARNING pdfminer.pdfinterp Cannot set gray stroke color because /'P248' is an invalid float value
2026-06-18 10:11:46,546 WARNING pdfminer.pdfinterp Cannot set gray stroke color because /'P249' is an invalid float value
2026-06-18 10:11:46,701 WARNING pdfminer.pdfinterp Cannot set gray stroke color because /'P250' is an invalid float value
2026-06-18 10:11:46,856 WARNING pdfminer.pdfinterp Cannot set gray stroke color because /'P251' is an invalid float value
2026-06-18 10:11:47,132 WARNING pdfminer.pdfinterp Cannot set gray stroke color because /'P252' is an invalid float value
2026-06-18 10:11:47,221 WARNING pdfminer.pdfinterp Cannot set gray stroke color because /'P253' is an invalid float value
2026-06-18 10:11:47,459 WARNING pdfminer.pdfinterp Cannot set gray stroke color because /'P254' is an invalid float value
2026-06-18 10:11:47,601 WARNING pdfminer.pdfinterp Cannot set gray stroke color because /'P255' is an invalid float value
2026-06-18 10:11:47,736 WARNING pdfminer.pdfinterp Cannot set gray stroke color because /'P256' is an invalid float value
2026-06-18 10:11:47,978 WARNING pdfminer.pdfinterp Cannot set gray stroke color because /'P257' is an invalid float value
2026-06-18 10:11:48,159 WARNING pdfminer.pdfinterp Cannot set gray stroke color because /'P258' is an invalid float value
2026-06-18 10:11:48,347 WARNING pdfminer.pdfinterp Cannot set gray stroke color because /'P259' is an invalid float value
2026-06-18 10:11:48,623 WARNING pdfminer.pdfinterp Cannot set gray stroke color because /'P260' is an invalid float value
2026-06-18 10:11:48,813 WARNING pdfminer.pdfinterp Cannot set gray stroke color because /'P261' is an invalid float value
2026-06-18 10:11:49,011 WARNING pdfminer.pdfinterp Cannot set gray stroke color because /'P262' is an invalid float value
2026-06-18 10:11:49,273 WARNING pdfminer.pdfinterp Cannot set gray stroke color because /'P263' is an invalid float value
2026-06-18 10:11:49,395 WARNING pdfminer.pdfinterp Cannot set gray stroke color because /'P264' is an invalid float value
2026-06-18 10:11:49,395 WARNING pdfminer.pdfinterp Cannot set gray stroke color because /'P265' is an invalid float value
2026-06-18 10:11:49,397 WARNING pdfminer.pdfinterp Cannot set gray stroke color because /'P266' is an invalid float value
2026-06-18 10:11:49,397 WARNING pdfminer.pdfinterp Cannot set gray stroke color because /'P267' is an invalid float value
2026-06-18 10:11:49,399 WARNING pdfminer.pdfinterp Cannot set gray stroke color because /'P268' is an invalid float value
2026-06-18 10:11:49,400 WARNING pdfminer.pdfinterp Cannot set gray stroke color because /'P269' is an invalid float value
2026-06-18 10:11:49,402 WARNING pdfminer.pdfinterp Cannot set gray stroke color because /'P270' is an invalid float value
2026-06-18 10:11:49,403 WARNING pdfminer.pdfinterp Cannot set gray stroke color because /'P271' is an invalid float value
2026-06-18 10:12:09,617 WARNING pdfminer.pdfinterp Cannot set gray stroke color because /'P0' is an invalid float value
2026-06-18 10:12:09,618 WARNING pdfminer.pdfinterp Cannot set gray stroke color because /'P1' is an invalid float value
2026-06-18 10:12:09,620 WARNING pdfminer.pdfinterp Cannot set gray stroke color because /'P2' is an invalid float value
2026-06-18 10:12:09,620 WARNING pdfminer.pdfinterp Cannot set gray stroke color because /'P3' is an invalid float value
2026-06-18 10:12:09,620 WARNING pdfminer.pdfinterp Cannot set gray stroke color because /'P4' is an invalid float value
2026-06-18 10:12:09,621 WARNING pdfminer.pdfinterp Cannot set gray stroke color because /'P5' is an invalid float value
2026-06-18 10:12:09,621 WARNING pdfminer.pdfinterp Cannot set gray stroke color because /'P6' is an invalid float value
2026-06-18 10:12:09,624 WARNING pdfminer.pdfinterp Cannot set gray stroke color because /'P7' is an invalid float value
2026-06-18 10:12:09,644 WARNING pdfminer.pdfinterp Cannot set gray stroke color because /'P0' is an invalid float value
2026-06-18 10:12:09,645 WARNING pdfminer.pdfinterp Cannot set gray stroke color because /'P1' is an invalid float value
2026-06-18 10:12:09,645 WARNING pdfminer.pdfinterp Cannot set gray stroke color because /'P2' is an invalid float value
2026-06-18 10:12:10,279 WARNING pdfminer.pdfinterp Cannot set gray stroke color because /'P0' is an invalid float value
2026-06-18 10:12:10,280 WARNING pdfminer.pdfinterp Cannot set gray stroke color because /'P1' is an invalid float value
2026-06-18 10:12:10,303 WARNING pdfminer.pdfinterp Cannot set gray stroke color because /'P0' is an invalid float value
2026-06-18 10:12:10,303 WARNING pdfminer.pdfinterp Cannot set gray stroke color because /'P1' is an invalid float value
2026-06-18 10:12:10,344 WARNING pdfminer.pdfinterp Cannot set gray stroke color because /'P0' is an invalid float value
2026-06-18 10:12:10,345 WARNING pdfminer.pdfinterp Cannot set gray stroke color because /'P1' is an invalid float value
2026-06-18 10:12:11,578 WARNING pdfminer.pdfinterp Cannot set gray stroke color because /'P0' is an invalid float value
2026-06-18 10:12:12,244 WARNING pdfminer.pdfinterp Cannot set gray stroke color because /'P0' is an invalid float value
2026-06-18 10:12:12,245 WARNING pdfminer.pdfinterp Cannot set gray stroke color because /'P1' is an invalid float value
2026-06-18 10:12:12,474 WARNING pdfminer.pdfinterp Cannot set gray stroke color because /'P0' is an invalid float value
2026-06-18 10:12:12,474 WARNING pdfminer.pdfinterp Cannot set gray stroke color because /'P1' is an invalid float value
2026-06-18 10:12:12,497 WARNING pdfminer.pdfinterp Cannot set gray stroke color because /'P0' is an invalid float value
2026-06-18 10:12:12,498 WARNING pdfminer.pdfinterp Cannot set gray stroke color because /'P1' is an invalid float value
2026-06-18 10:12:12,560 WARNING pdfminer.pdfinterp Cannot set gray stroke color because /'P0' is an invalid float value
2026-06-18 10:12:12,561 WARNING pdfminer.pdfinterp Cannot set gray stroke color because /'P1' is an invalid float value
2026-06-18 10:12:16,321 WARNING pdfminer.pdfinterp Cannot set gray stroke color because /'P0' is an invalid float value
2026-06-18 10:12:16,322 WARNING pdfminer.pdfinterp Cannot set gray stroke color because /'P0' is an invalid float value
2026-06-18 10:12:16,323 WARNING pdfminer.pdfinterp Cannot set gray stroke color because /'P1' is an invalid float value
2026-06-18 10:12:16,324 WARNING pdfminer.pdfinterp Cannot set gray stroke color because /'P2' is an invalid float value
2026-06-18 10:12:16,325 WARNING pdfminer.pdfinterp Cannot set gray stroke color because /'P3' is an invalid float value
2026-06-18 10:12:16,326 WARNING pdfminer.pdfinterp Cannot set gray stroke color because /'P4' is an invalid float value
2026-06-18 10:12:16,327 WARNING pdfminer.pdfinterp Cannot set gray stroke color because /'P5' is an invalid float value
2026-06-18 10:12:16,328 WARNING pdfminer.pdfinterp Cannot set gray stroke color because /'P6' is an invalid float value
2026-06-18 10:12:16,329 WARNING pdfminer.pdfinterp Cannot set gray stroke color because /'P7' is an invalid float value
2026-06-18 10:12:16,330 WARNING pdfminer.pdfinterp Cannot set gray stroke color because /'P8' is an invalid float value
2026-06-18 10:12:16,331 WARNING pdfminer.pdfinterp Cannot set gray stroke color because /'P9' is an invalid float value
2026-06-18 10:12:16,333 WARNING pdfminer.pdfinterp Cannot set gray stroke color because /'P10' is an invalid float value
2026-06-18 10:12:16,334 WARNING pdfminer.pdfinterp Cannot set gray stroke color because /'P11' is an invalid float value
2026-06-18 10:12:16,336 WARNING pdfminer.pdfinterp Cannot set gray stroke color because /'P12' is an invalid float value
2026-06-18 10:12:16,337 WARNING pdfminer.pdfinterp Cannot set gray stroke color because /'P13' is an invalid float value
2026-06-18 10:12:16,338 WARNING pdfminer.pdfinterp Cannot set gray stroke color because /'P14' is an invalid float value
2026-06-18 10:12:16,339 WARNING pdfminer.pdfinterp Cannot set gray stroke color because /'P15' is an invalid float value
2026-06-18 10:12:16,341 WARNING pdfminer.pdfinterp Cannot set gray stroke color because /'P16' is an invalid float value
2026-06-18 10:12:16,342 WARNING pdfminer.pdfinterp Cannot set gray stroke color because /'P0' is an invalid float value
2026-06-18 10:12:16,343 WARNING pdfminer.pdfinterp Cannot set gray stroke color because /'P0' is an invalid float value
2026-06-18 10:12:16,406 WARNING pdfminer.pdfinterp Cannot set gray stroke color because /'P0' is an invalid float value
2026-06-18 10:12:16,407 WARNING pdfminer.pdfinterp Cannot set gray stroke color because /'P0' is an invalid float value
2026-06-18 10:12:16,408 WARNING pdfminer.pdfinterp Cannot set gray stroke color because /'P0' is an invalid float value
2026-06-18 10:12:16,408 WARNING pdfminer.pdfinterp Cannot set gray stroke color because /'P1' is an invalid float value
2026-06-18 10:12:16,409 WARNING pdfminer.pdfinterp Cannot set gray stroke color because /'P0' is an invalid float value
2026-06-18 10:12:16,410 WARNING pdfminer.pdfinterp Cannot set gray stroke color because /'P2' is an invalid float value
2026-06-18 10:12:16,411 WARNING pdfminer.pdfinterp Cannot set gray stroke color because /'P0' is an invalid float value
2026-06-18 10:12:16,411 WARNING pdfminer.pdfinterp Cannot set gray stroke color because /'P3' is an invalid float value
2026-06-18 10:12:16,412 WARNING pdfminer.pdfinterp Cannot set gray stroke color because /'P4' is an invalid float value
2026-06-18 10:12:16,412 WARNING pdfminer.pdfinterp Cannot set gray stroke color because /'P5' is an invalid float value
2026-06-18 10:12:16,412 WARNING pdfminer.pdfinterp Cannot set gray stroke color because /'P6' is an invalid float value
2026-06-18 10:12:16,412 WARNING pdfminer.pdfinterp Cannot set gray stroke color because /'P7' is an invalid float value
2026-06-18 10:12:16,412 WARNING pdfminer.pdfinterp Cannot set gray stroke color because /'P8' is an invalid float value
2026-06-18 10:12:16,413 WARNING pdfminer.pdfinterp Cannot set gray stroke color because /'P9' is an invalid float value
2026-06-18 10:12:16,413 WARNING pdfminer.pdfinterp Cannot set gray stroke color because /'P10' is an invalid float value
2026-06-18 10:12:16,413 WARNING pdfminer.pdfinterp Cannot set gray stroke color because /'P11' is an invalid float value
2026-06-18 10:12:16,414 WARNING pdfminer.pdfinterp Cannot set gray stroke color because /'P0' is an invalid float value
2026-06-18 10:12:16,415 WARNING pdfminer.pdfinterp Cannot set gray stroke color because /'P0' is an invalid float value
2026-06-18 10:12:16,415 WARNING pdfminer.pdfinterp Cannot set gray stroke color because /'P12' is an invalid float value
2026-06-18 10:12:16,416 WARNING pdfminer.pdfinterp Cannot set gray stroke color because /'P0' is an invalid float value
2026-06-18 10:12:16,417 WARNING pdfminer.pdfinterp Cannot set gray stroke color because /'P1' is an invalid float value
2026-06-18 10:12:16,417 WARNING pdfminer.pdfinterp Cannot set gray stroke color because /'P13' is an invalid float value
2026-06-18 10:12:16,418 WARNING pdfminer.pdfinterp Cannot set gray stroke color because /'P0' is an invalid float value
2026-06-18 10:12:16,419 WARNING pdfminer.pdfinterp Cannot set gray stroke color because /'P1' is an invalid float value
2026-06-18 10:12:16,419 WARNING pdfminer.pdfinterp Cannot set gray stroke color because /'P14' is an invalid float value
2026-06-18 10:12:23,459 WARNING pdfminer.pdfinterp Cannot set gray non-stroke color because /'P0' is an invalid float value
2026-06-18 10:13:07,680 WARNING pdfminer.pdfinterp Cannot set gray stroke color because /'P1' is an invalid float value
2026-06-18 10:13:07,681 WARNING pdfminer.pdfinterp Cannot set gray stroke color because /'P2' is an invalid float value
2026-06-18 10:13:07,681 WARNING pdfminer.pdfinterp Cannot set gray stroke color because /'P3' is an invalid float value
2026-06-18 10:13:07,682 WARNING pdfminer.pdfinterp Cannot set gray stroke color because /'P4' is an invalid float value
2026-06-18 10:13:07,682 WARNING pdfminer.pdfinterp Cannot set gray stroke color because /'P5' is an invalid float value
2026-06-18 10:13:07,683 WARNING pdfminer.pdfinterp Cannot set gray stroke color because /'P6' is an invalid float value
2026-06-18 10:13:09,397 WARNING pdfminer.pdfinterp Cannot set gray stroke color because /'P77' is an invalid float value
2026-06-18 10:13:09,398 WARNING pdfminer.pdfinterp Cannot set gray stroke color because /'P78' is an invalid float value
2026-06-18 10:13:09,398 WARNING pdfminer.pdfinterp Cannot set gray stroke color because /'P79' is an invalid float value
2026-06-18 10:13:09,399 WARNING pdfminer.pdfinterp Cannot set gray stroke color because /'P80' is an invalid float value
2026-06-18 10:13:09,399 WARNING pdfminer.pdfinterp Cannot set gray stroke color because /'P81' is an invalid float value
2026-06-18 10:13:09,400 WARNING pdfminer.pdfinterp Cannot set gray stroke color because /'P82' is an invalid float value
2026-06-18 10:13:09,400 WARNING pdfminer.pdfinterp Cannot set gray stroke color because /'P83' is an invalid float value
2026-06-18 10:13:09,401 WARNING pdfminer.pdfinterp Cannot set gray stroke color because /'P84' is an invalid float value
2026-06-18 10:13:09,401 WARNING pdfminer.pdfinterp Cannot set gray stroke color because /'P85' is an invalid float value
2026-06-18 10:13:09,402 WARNING pdfminer.pdfinterp Cannot set gray stroke color because /'P86' is an invalid float value
2026-06-18 10:13:09,403 WARNING pdfminer.pdfinterp Cannot set gray stroke color because /'P87' is an invalid float value
2026-06-18 10:13:09,404 WARNING pdfminer.pdfinterp Cannot set gray stroke color because /'P88' is an invalid float value
2026-06-18 10:13:09,404 WARNING pdfminer.pdfinterp Cannot set gray stroke color because /'P89' is an invalid float value
2026-06-18 10:13:09,405 WARNING pdfminer.pdfinterp Cannot set gray stroke color because /'P90' is an invalid float value
2026-06-18 10:13:09,405 WARNING pdfminer.pdfinterp Cannot set gray stroke color because /'P91' is an invalid float value
2026-06-18 10:13:09,405 WARNING pdfminer.pdfinterp Cannot set gray stroke color because /'P92' is an invalid float value
2026-06-18 10:13:09,406 WARNING pdfminer.pdfinterp Cannot set gray stroke color because /'P93' is an invalid float value
2026-06-18 10:13:09,406 WARNING pdfminer.pdfinterp Cannot set gray stroke color because /'P94' is an invalid float value
2026-06-18 10:13:09,407 WARNING pdfminer.pdfinterp Cannot set gray stroke color because /'P7' is an invalid float value
2026-06-18 10:13:09,407 WARNING pdfminer.pdfinterp Cannot set gray stroke color because /'P8' is an invalid float value
2026-06-18 10:13:09,408 WARNING pdfminer.pdfinterp Cannot set gray stroke color because /'P9' is an invalid float value
2026-06-18 10:13:09,408 WARNING pdfminer.pdfinterp Cannot set gray stroke color because /'P10' is an invalid float value
2026-06-18 10:13:09,408 WARNING pdfminer.pdfinterp Cannot set gray stroke color because /'P11' is an invalid float value
2026-06-18 10:13:09,409 WARNING pdfminer.pdfinterp Cannot set gray stroke color because /'P12' is an invalid float value
2026-06-18 10:13:09,411 WARNING pdfminer.pdfinterp Cannot set gray stroke color because /'P13' is an invalid float value
2026-06-18 10:13:09,411 WARNING pdfminer.pdfinterp Cannot set gray stroke color because /'P14' is an invalid float value
2026-06-18 10:13:09,412 WARNING pdfminer.pdfinterp Cannot set gray stroke color because /'P15' is an invalid float value
2026-06-18 10:13:09,413 WARNING pdfminer.pdfinterp Cannot set gray stroke color because /'P16' is an invalid float value
2026-06-18 10:13:09,414 WARNING pdfminer.pdfinterp Cannot set gray stroke color because /'P17' is an invalid float value
2026-06-18 10:13:09,415 WARNING pdfminer.pdfinterp Cannot set gray stroke color because /'P18' is an invalid float value
2026-06-18 10:13:09,416 WARNING pdfminer.pdfinterp Cannot set gray stroke color because /'P19' is an invalid float value
2026-06-18 10:13:09,416 WARNING pdfminer.pdfinterp Cannot set gray stroke color because /'P20' is an invalid float value
2026-06-18 10:13:09,416 WARNING pdfminer.pdfinterp Cannot set gray stroke color because /'P21' is an invalid float value
2026-06-18 10:13:09,416 WARNING pdfminer.pdfinterp Cannot set gray stroke color because /'P22' is an invalid float value
2026-06-18 10:13:09,417 WARNING pdfminer.pdfinterp Cannot set gray stroke color because /'P23' is an invalid float value
2026-06-18 10:13:09,418 WARNING pdfminer.pdfinterp Cannot set gray stroke color because /'P24' is an invalid float value
2026-06-18 10:13:09,419 WARNING pdfminer.pdfinterp Cannot set gray stroke color because /'P25' is an invalid float value
2026-06-18 10:13:09,421 WARNING pdfminer.pdfinterp Cannot set gray stroke color because /'P26' is an invalid float value
2026-06-18 10:13:09,421 WARNING pdfminer.pdfinterp Cannot set gray stroke color because /'P27' is an invalid float value
2026-06-18 10:13:09,422 WARNING pdfminer.pdfinterp Cannot set gray stroke color because /'P28' is an invalid float value
2026-06-18 10:13:09,423 WARNING pdfminer.pdfinterp Cannot set gray stroke color because /'P29' is an invalid float value
2026-06-18 10:13:09,424 WARNING pdfminer.pdfinterp Cannot set gray stroke color because /'P30' is an invalid float value
2026-06-18 10:13:09,427 WARNING pdfminer.pdfinterp Cannot set gray stroke color because /'P31' is an invalid float value
2026-06-18 10:13:09,428 WARNING pdfminer.pdfinterp Cannot set gray stroke color because /'P32' is an invalid float value
2026-06-18 10:13:09,428 WARNING pdfminer.pdfinterp Cannot set gray stroke color because /'P33' is an invalid float value
2026-06-18 10:13:09,428 WARNING pdfminer.pdfinterp Cannot set gray stroke color because /'P34' is an invalid float value
2026-06-18 10:13:09,429 WARNING pdfminer.pdfinterp Cannot set gray stroke color because /'P35' is an invalid float value
2026-06-18 10:13:09,429 WARNING pdfminer.pdfinterp Cannot set gray stroke color because /'P36' is an invalid float value
2026-06-18 10:13:09,429 WARNING pdfminer.pdfinterp Cannot set gray stroke color because /'P37' is an invalid float value
2026-06-18 10:13:09,430 WARNING pdfminer.pdfinterp Cannot set gray stroke color because /'P38' is an invalid float value
2026-06-18 10:13:09,430 WARNING pdfminer.pdfinterp Cannot set gray stroke color because /'P39' is an invalid float value
2026-06-18 10:13:09,431 WARNING pdfminer.pdfinterp Cannot set gray stroke color because /'P40' is an invalid float value
2026-06-18 10:13:09,431 WARNING pdfminer.pdfinterp Cannot set gray stroke color because /'P41' is an invalid float value
2026-06-18 10:13:09,431 WARNING pdfminer.pdfinterp Cannot set gray stroke color because /'P42' is an invalid float value
2026-06-18 10:13:09,432 WARNING pdfminer.pdfinterp Cannot set gray stroke color because /'P43' is an invalid float value
2026-06-18 10:13:09,432 WARNING pdfminer.pdfinterp Cannot set gray stroke color because /'P44' is an invalid float value
2026-06-18 10:13:09,432 WARNING pdfminer.pdfinterp Cannot set gray stroke color because /'P45' is an invalid float value
2026-06-18 10:13:09,433 WARNING pdfminer.pdfinterp Cannot set gray stroke color because /'P46' is an invalid float value
2026-06-18 10:13:09,433 WARNING pdfminer.pdfinterp Cannot set gray stroke color because /'P47' is an invalid float value
2026-06-18 10:13:09,433 WARNING pdfminer.pdfinterp Cannot set gray stroke color because /'P48' is an invalid float value
2026-06-18 10:13:09,434 WARNING pdfminer.pdfinterp Cannot set gray stroke color because /'P49' is an invalid float value
2026-06-18 10:13:09,434 WARNING pdfminer.pdfinterp Cannot set gray stroke color because /'P50' is an invalid float value
2026-06-18 10:13:09,435 WARNING pdfminer.pdfinterp Cannot set gray stroke color because /'P51' is an invalid float value
2026-06-18 10:13:09,435 WARNING pdfminer.pdfinterp Cannot set gray stroke color because /'P52' is an invalid float value
2026-06-18 10:13:09,435 WARNING pdfminer.pdfinterp Cannot set gray stroke color because /'P53' is an invalid float value
2026-06-18 10:13:09,436 WARNING pdfminer.pdfinterp Cannot set gray stroke color because /'P54' is an invalid float value
2026-06-18 10:13:09,436 WARNING pdfminer.pdfinterp Cannot set gray stroke color because /'P55' is an invalid float value
2026-06-18 10:13:09,436 WARNING pdfminer.pdfinterp Cannot set gray stroke color because /'P56' is an invalid float value
2026-06-18 10:13:09,436 WARNING pdfminer.pdfinterp Cannot set gray stroke color because /'P57' is an invalid float value
2026-06-18 10:13:09,437 WARNING pdfminer.pdfinterp Cannot set gray stroke color because /'P58' is an invalid float value
2026-06-18 10:13:09,437 WARNING pdfminer.pdfinterp Cannot set gray stroke color because /'P59' is an invalid float value
2026-06-18 10:13:09,437 WARNING pdfminer.pdfinterp Cannot set gray stroke color because /'P60' is an invalid float value
2026-06-18 10:13:09,438 WARNING pdfminer.pdfinterp Cannot set gray stroke color because /'P61' is an invalid float value
2026-06-18 10:13:09,438 WARNING pdfminer.pdfinterp Cannot set gray stroke color because /'P62' is an invalid float value
2026-06-18 10:13:09,438 WARNING pdfminer.pdfinterp Cannot set gray stroke color because /'P63' is an invalid float value
2026-06-18 10:13:09,438 WARNING pdfminer.pdfinterp Cannot set gray stroke color because /'P64' is an invalid float value
2026-06-18 10:13:09,439 WARNING pdfminer.pdfinterp Cannot set gray stroke color because /'P65' is an invalid float value
2026-06-18 10:13:09,439 WARNING pdfminer.pdfinterp Cannot set gray stroke color because /'P66' is an invalid float value
2026-06-18 10:13:09,440 WARNING pdfminer.pdfinterp Cannot set gray stroke color because /'P67' is an invalid float value
2026-06-18 10:13:09,440 WARNING pdfminer.pdfinterp Cannot set gray stroke color because /'P68' is an invalid float value
2026-06-18 10:13:09,440 WARNING pdfminer.pdfinterp Cannot set gray stroke color because /'P69' is an invalid float value
2026-06-18 10:13:09,441 WARNING pdfminer.pdfinterp Cannot set gray stroke color because /'P70' is an invalid float value
2026-06-18 10:13:09,441 WARNING pdfminer.pdfinterp Cannot set gray stroke color because /'P71' is an invalid float value
2026-06-18 10:13:09,442 WARNING pdfminer.pdfinterp Cannot set gray stroke color because /'P72' is an invalid float value
2026-06-18 10:13:09,442 WARNING pdfminer.pdfinterp Cannot set gray stroke color because /'P73' is an invalid float value
2026-06-18 10:13:09,442 WARNING pdfminer.pdfinterp Cannot set gray stroke color because /'P74' is an invalid float value
2026-06-18 10:13:09,445 WARNING pdfminer.pdfinterp Cannot set gray stroke color because /'P75' is an invalid float value
2026-06-18 10:13:09,446 WARNING pdfminer.pdfinterp Cannot set gray stroke color because /'P76' is an invalid float value
2026-06-18 10:15:40,078 WARNING pdfminer.pdfinterp Cannot set gray stroke color because /'P0' is an invalid float value
2026-06-18 10:16:13,257 WARNING pdfminer.pdfinterp Cannot set gray stroke color because /'P0' is an invalid float value
2026-06-18 10:16:33,015 WARNING pdfminer.pdfinterp Cannot set gray stroke color because /'P0' is an invalid float value
2026-06-18 10:16:33,016 WARNING pdfminer.pdfinterp Cannot set gray stroke color because /'P1' is an invalid float value
2026-06-18 10:16:33,017 WARNING pdfminer.pdfinterp Cannot set gray stroke color because /'P2' is an invalid float value
2026-06-18 10:16:33,018 WARNING pdfminer.pdfinterp Cannot set gray stroke color because /'P3' is an invalid float value
2026-06-18 10:16:33,565 WARNING pdfminer.pdfinterp Cannot set gray stroke color because /'P0' is an invalid float value
2026-06-18 10:16:33,567 WARNING pdfminer.pdfinterp Cannot set gray stroke color because /'P1' is an invalid float value
2026-06-18 10:16:33,577 WARNING pdfminer.pdfinterp Cannot set gray stroke color because /'P2' is an invalid float value
2026-06-18 10:16:36,251 WARNING pdfminer.pdfinterp Cannot set gray stroke color because /'P0' is an invalid float value
2026-06-18 10:16:36,252 WARNING pdfminer.pdfinterp Cannot set gray stroke color because /'P1' is an invalid float value
2026-06-18 10:16:36,253 WARNING pdfminer.pdfinterp Cannot set gray stroke color because /'P2' is an invalid float value
2026-06-18 10:16:36,253 WARNING pdfminer.pdfinterp Cannot set gray stroke color because /'P3' is an invalid float value
2026-06-18 10:16:36,254 WARNING pdfminer.pdfinterp Cannot set gray stroke color because /'P4' is an invalid float value
2026-06-18 10:16:36,256 WARNING pdfminer.pdfinterp Cannot set gray stroke color because /'P5' is an invalid float value
2026-06-18 10:16:36,256 WARNING pdfminer.pdfinterp Cannot set gray stroke color because /'P6' is an invalid float value
2026-06-18 10:16:36,259 WARNING pdfminer.pdfinterp Cannot set gray stroke color because /'P7' is an invalid float value
2026-06-18 10:16:39,646 WARNING pdfminer.pdfinterp Cannot set gray stroke color because /'P0' is an invalid float value
2026-06-18 10:16:43,056 WARNING pdfminer.pdfinterp Cannot set gray stroke color because /'P0' is an invalid float value
2026-06-18 10:49:48,174 INFO __main__ Starting ESG corpus pipeline
2026-06-18 10:50:01,932 INFO __main__ Completed ESG corpus pipeline in 12.633s
2026-06-18 10:50:09,292 INFO __main__ Starting ESG corpus pipeline
2026-06-18 10:50:15,012 WARNING pdfminer.pdfinterp Cannot set gray stroke color because /'P0' is an invalid float value
2026-06-18 10:52:18,117 WARNING pdfminer.pdfinterp Cannot set gray non-stroke color because /'P97' is an invalid float value
2026-06-18 10:52:18,119 WARNING pdfminer.pdfinterp Cannot set gray non-stroke color because /'P99' is an invalid float value
2026-06-18 10:52:18,120 WARNING pdfminer.pdfinterp Cannot set gray non-stroke color because /'P100' is an invalid float value
2026-06-18 10:52:18,121 WARNING pdfminer.pdfinterp Cannot set gray non-stroke color because /'P101' is an invalid float value
2026-06-18 10:52:18,122 WARNING pdfminer.pdfinterp Cannot set gray non-stroke color because /'P102' is an invalid float value
2026-06-18 10:52:18,124 WARNING pdfminer.pdfinterp Cannot set gray non-stroke color because /'P103' is an invalid float value
2026-06-18 10:52:18,125 WARNING pdfminer.pdfinterp Cannot set gray non-stroke color because /'P104' is an invalid float value
2026-06-18 10:52:18,126 WARNING pdfminer.pdfinterp Cannot set gray non-stroke color because /'P105' is an invalid float value
2026-06-18 10:52:18,127 WARNING pdfminer.pdfinterp Cannot set gray non-stroke color because /'P106' is an invalid float value
2026-06-18 10:52:18,128 WARNING pdfminer.pdfinterp Cannot set gray non-stroke color because /'P107' is an invalid float value
2026-06-18 10:52:18,128 WARNING pdfminer.pdfinterp Cannot set gray non-stroke color because /'P108' is an invalid float value
2026-06-18 10:52:18,129 WARNING pdfminer.pdfinterp Cannot set gray non-stroke color because /'P109' is an invalid float value
2026-06-18 10:52:18,130 WARNING pdfminer.pdfinterp Cannot set gray non-stroke color because /'P110' is an invalid float value
2026-06-18 10:52:18,130 WARNING pdfminer.pdfinterp Cannot set gray non-stroke color because /'P111' is an invalid float value
2026-06-18 10:52:18,131 WARNING pdfminer.pdfinterp Cannot set gray non-stroke color because /'P112' is an invalid float value
2026-06-18 10:52:18,132 WARNING pdfminer.pdfinterp Cannot set gray non-stroke color because /'P113' is an invalid float value
2026-06-18 10:52:18,134 WARNING pdfminer.pdfinterp Cannot set gray non-stroke color because /'P114' is an invalid float value
2026-06-18 10:52:18,135 WARNING pdfminer.pdfinterp Cannot set gray non-stroke color because /'P115' is an invalid float value
2026-06-18 10:52:18,136 WARNING pdfminer.pdfinterp Cannot set gray non-stroke color because /'P116' is an invalid float value
2026-06-18 10:52:18,137 WARNING pdfminer.pdfinterp Cannot set gray non-stroke color because /'P117' is an invalid float value
2026-06-18 10:52:18,138 WARNING pdfminer.pdfinterp Cannot set gray non-stroke color because /'P118' is an invalid float value
2026-06-18 10:52:18,139 WARNING pdfminer.pdfinterp Cannot set gray non-stroke color because /'P119' is an invalid float value
2026-06-18 10:52:18,141 WARNING pdfminer.pdfinterp Cannot set gray non-stroke color because /'P120' is an invalid float value
2026-06-18 10:52:18,142 WARNING pdfminer.pdfinterp Cannot set gray non-stroke color because /'P121' is an invalid float value
2026-06-18 10:52:18,143 WARNING pdfminer.pdfinterp Cannot set gray non-stroke color because /'P122' is an invalid float value
2026-06-18 10:52:18,143 WARNING pdfminer.pdfinterp Cannot set gray non-stroke color because /'P123' is an invalid float value
2026-06-18 10:52:18,144 WARNING pdfminer.pdfinterp Cannot set gray non-stroke color because /'P124' is an invalid float value
2026-06-18 10:52:18,145 WARNING pdfminer.pdfinterp Cannot set gray non-stroke color because /'P125' is an invalid float value
2026-06-18 10:52:18,145 WARNING pdfminer.pdfinterp Cannot set gray non-stroke color because /'P126' is an invalid float value
2026-06-18 10:52:18,147 WARNING pdfminer.pdfinterp Cannot set gray non-stroke color because /'P127' is an invalid float value
2026-06-18 10:52:18,148 WARNING pdfminer.pdfinterp Cannot set gray non-stroke color because /'P128' is an invalid float value
2026-06-18 10:52:18,149 WARNING pdfminer.pdfinterp Cannot set gray non-stroke color because /'P129' is an invalid float value
2026-06-18 10:52:18,151 WARNING pdfminer.pdfinterp Cannot set gray non-stroke color because /'P130' is an invalid float value
2026-06-18 10:52:18,152 WARNING pdfminer.pdfinterp Cannot set gray non-stroke color because /'P131' is an invalid float value
2026-06-18 10:52:18,153 WARNING pdfminer.pdfinterp Cannot set gray non-stroke color because /'P132' is an invalid float value
2026-06-18 10:52:18,154 WARNING pdfminer.pdfinterp Cannot set gray non-stroke color because /'P133' is an invalid float value
2026-06-18 10:52:18,155 WARNING pdfminer.pdfinterp Cannot set gray non-stroke color because /'P134' is an invalid float value
2026-06-18 10:52:18,156 WARNING pdfminer.pdfinterp Cannot set gray non-stroke color because /'P135' is an invalid float value
2026-06-18 10:52:18,157 WARNING pdfminer.pdfinterp Cannot set gray non-stroke color because /'P136' is an invalid float value
2026-06-18 10:52:18,159 WARNING pdfminer.pdfinterp Cannot set gray non-stroke color because /'P137' is an invalid float value
2026-06-18 10:52:18,160 WARNING pdfminer.pdfinterp Cannot set gray non-stroke color because /'P138' is an invalid float value
2026-06-18 10:52:18,161 WARNING pdfminer.pdfinterp Cannot set gray non-stroke color because /'P139' is an invalid float value
2026-06-18 10:52:18,162 WARNING pdfminer.pdfinterp Cannot set gray non-stroke color because /'P140' is an invalid float value
2026-06-18 10:52:18,163 WARNING pdfminer.pdfinterp Cannot set gray non-stroke color because /'P141' is an invalid float value
2026-06-18 10:52:18,164 WARNING pdfminer.pdfinterp Cannot set gray non-stroke color because /'P142' is an invalid float value
2026-06-18 10:52:18,165 WARNING pdfminer.pdfinterp Cannot set gray non-stroke color because /'P143' is an invalid float value
2026-06-18 10:52:18,166 WARNING pdfminer.pdfinterp Cannot set gray non-stroke color because /'P144' is an invalid float value
2026-06-18 10:52:18,167 WARNING pdfminer.pdfinterp Cannot set gray non-stroke color because /'P145' is an invalid float value
2026-06-18 10:52:18,168 WARNING pdfminer.pdfinterp Cannot set gray non-stroke color because /'P146' is an invalid float value
2026-06-18 10:52:18,169 WARNING pdfminer.pdfinterp Cannot set gray non-stroke color because /'P147' is an invalid float value
2026-06-18 10:52:18,170 WARNING pdfminer.pdfinterp Cannot set gray non-stroke color because /'P148' is an invalid float value
2026-06-18 10:52:18,171 WARNING pdfminer.pdfinterp Cannot set gray non-stroke color because /'P149' is an invalid float value
2026-06-18 10:52:18,172 WARNING pdfminer.pdfinterp Cannot set gray non-stroke color because /'P150' is an invalid float value
2026-06-18 10:52:18,173 WARNING pdfminer.pdfinterp Cannot set gray non-stroke color because /'P151' is an invalid float value
2026-06-18 10:52:18,174 WARNING pdfminer.pdfinterp Cannot set gray non-stroke color because /'P152' is an invalid float value
2026-06-18 10:52:18,174 WARNING pdfminer.pdfinterp Cannot set gray non-stroke color because /'P153' is an invalid float value
2026-06-18 10:52:18,175 WARNING pdfminer.pdfinterp Cannot set gray non-stroke color because /'P154' is an invalid float value
2026-06-18 10:52:18,176 WARNING pdfminer.pdfinterp Cannot set gray non-stroke color because /'P155' is an invalid float value
2026-06-18 10:52:18,177 WARNING pdfminer.pdfinterp Cannot set gray non-stroke color because /'P156' is an invalid float value
2026-06-18 10:52:18,178 WARNING pdfminer.pdfinterp Cannot set gray non-stroke color because /'P157' is an invalid float value
2026-06-18 10:52:18,179 WARNING pdfminer.pdfinterp Cannot set gray non-stroke color because /'P158' is an invalid float value
2026-06-18 10:52:18,180 WARNING pdfminer.pdfinterp Cannot set gray non-stroke color because /'P159' is an invalid float value
2026-06-18 10:52:18,181 WARNING pdfminer.pdfinterp Cannot set gray non-stroke color because /'P160' is an invalid float value
2026-06-18 10:52:18,182 WARNING pdfminer.pdfinterp Cannot set gray non-stroke color because /'P161' is an invalid float value
2026-06-18 10:52:18,183 WARNING pdfminer.pdfinterp Cannot set gray non-stroke color because /'P162' is an invalid float value
2026-06-18 10:52:18,184 WARNING pdfminer.pdfinterp Cannot set gray non-stroke color because /'P163' is an invalid float value
2026-06-18 10:52:18,185 WARNING pdfminer.pdfinterp Cannot set gray non-stroke color because /'P164' is an invalid float value
2026-06-18 10:52:18,186 WARNING pdfminer.pdfinterp Cannot set gray non-stroke color because /'P165' is an invalid float value
2026-06-18 10:52:18,187 WARNING pdfminer.pdfinterp Cannot set gray non-stroke color because /'P166' is an invalid float value
2026-06-18 10:52:18,189 WARNING pdfminer.pdfinterp Cannot set gray non-stroke color because /'P167' is an invalid float value
2026-06-18 10:52:18,190 WARNING pdfminer.pdfinterp Cannot set gray non-stroke color because /'P168' is an invalid float value
2026-06-18 10:52:18,191 WARNING pdfminer.pdfinterp Cannot set gray non-stroke color because /'P169' is an invalid float value
2026-06-18 10:52:18,192 WARNING pdfminer.pdfinterp Cannot set gray non-stroke color because /'P170' is an invalid float value
2026-06-18 10:52:18,193 WARNING pdfminer.pdfinterp Cannot set gray non-stroke color because /'P171' is an invalid float value
2026-06-18 10:52:18,194 WARNING pdfminer.pdfinterp Cannot set gray non-stroke color because /'P172' is an invalid float value
2026-06-18 10:52:18,195 WARNING pdfminer.pdfinterp Cannot set gray non-stroke color because /'P173' is an invalid float value
2026-06-18 10:52:18,196 WARNING pdfminer.pdfinterp Cannot set gray non-stroke color because /'P174' is an invalid float value
2026-06-18 10:52:18,197 WARNING pdfminer.pdfinterp Cannot set gray non-stroke color because /'P175' is an invalid float value
2026-06-18 10:52:18,198 WARNING pdfminer.pdfinterp Cannot set gray non-stroke color because /'P176' is an invalid float value
2026-06-18 10:52:18,199 WARNING pdfminer.pdfinterp Cannot set gray non-stroke color because /'P177' is an invalid float value
2026-06-18 10:52:18,200 WARNING pdfminer.pdfinterp Cannot set gray non-stroke color because /'P178' is an invalid float value
2026-06-18 10:52:18,201 WARNING pdfminer.pdfinterp Cannot set gray non-stroke color because /'P179' is an invalid float value
2026-06-18 10:52:18,202 WARNING pdfminer.pdfinterp Cannot set gray non-stroke color because /'P180' is an invalid float value
2026-06-18 10:52:18,203 WARNING pdfminer.pdfinterp Cannot set gray non-stroke color because /'P181' is an invalid float value
2026-06-18 10:52:18,204 WARNING pdfminer.pdfinterp Cannot set gray non-stroke color because /'P182' is an invalid float value
2026-06-18 10:52:18,205 WARNING pdfminer.pdfinterp Cannot set gray non-stroke color because /'P183' is an invalid float value
2026-06-18 10:52:18,206 WARNING pdfminer.pdfinterp Cannot set gray non-stroke color because /'P184' is an invalid float value
2026-06-18 10:52:18,207 WARNING pdfminer.pdfinterp Cannot set gray non-stroke color because /'P185' is an invalid float value
2026-06-18 10:52:18,207 WARNING pdfminer.pdfinterp Cannot set gray non-stroke color because /'P186' is an invalid float value
2026-06-18 10:52:18,208 WARNING pdfminer.pdfinterp Cannot set gray non-stroke color because /'P187' is an invalid float value
2026-06-18 10:52:18,209 WARNING pdfminer.pdfinterp Cannot set gray non-stroke color because /'P188' is an invalid float value
2026-06-18 10:52:18,209 WARNING pdfminer.pdfinterp Cannot set gray non-stroke color because /'P189' is an invalid float value
2026-06-18 10:52:19,731 WARNING pdfminer.pdfinterp Cannot set gray non-stroke color because /'P210' is an invalid float value
2026-06-18 10:52:19,731 WARNING pdfminer.pdfinterp Cannot set gray non-stroke color because /'P212' is an invalid float value
2026-06-18 10:52:19,732 WARNING pdfminer.pdfinterp Cannot set gray non-stroke color because /'P213' is an invalid float value
2026-06-18 10:52:19,733 WARNING pdfminer.pdfinterp Cannot set gray non-stroke color because /'P214' is an invalid float value
2026-06-18 10:52:19,734 WARNING pdfminer.pdfinterp Cannot set gray non-stroke color because /'P215' is an invalid float value
2026-06-18 10:52:19,735 WARNING pdfminer.pdfinterp Cannot set gray non-stroke color because /'P216' is an invalid float value
2026-06-18 10:52:19,736 WARNING pdfminer.pdfinterp Cannot set gray non-stroke color because /'P217' is an invalid float value
2026-06-18 10:52:19,737 WARNING pdfminer.pdfinterp Cannot set gray non-stroke color because /'P218' is an invalid float value
2026-06-18 10:52:19,738 WARNING pdfminer.pdfinterp Cannot set gray non-stroke color because /'P219' is an invalid float value
2026-06-18 10:52:19,739 WARNING pdfminer.pdfinterp Cannot set gray non-stroke color because /'P220' is an invalid float value
2026-06-18 10:52:19,739 WARNING pdfminer.pdfinterp Cannot set gray non-stroke color because /'P221' is an invalid float value
2026-06-18 10:52:19,740 WARNING pdfminer.pdfinterp Cannot set gray non-stroke color because /'P222' is an invalid float value
2026-06-18 10:52:19,741 WARNING pdfminer.pdfinterp Cannot set gray non-stroke color because /'P223' is an invalid float value
2026-06-18 10:52:19,742 WARNING pdfminer.pdfinterp Cannot set gray non-stroke color because /'P224' is an invalid float value
2026-06-18 10:52:19,742 WARNING pdfminer.pdfinterp Cannot set gray non-stroke color because /'P225' is an invalid float value
2026-06-18 10:52:19,743 WARNING pdfminer.pdfinterp Cannot set gray non-stroke color because /'P226' is an invalid float value
2026-06-18 10:52:19,745 WARNING pdfminer.pdfinterp Cannot set gray non-stroke color because /'P227' is an invalid float value
2026-06-18 10:52:19,746 WARNING pdfminer.pdfinterp Cannot set gray non-stroke color because /'P228' is an invalid float value
2026-06-18 10:52:19,746 WARNING pdfminer.pdfinterp Cannot set gray non-stroke color because /'P229' is an invalid float value
2026-06-18 10:52:19,747 WARNING pdfminer.pdfinterp Cannot set gray non-stroke color because /'P230' is an invalid float value
2026-06-18 10:52:19,748 WARNING pdfminer.pdfinterp Cannot set gray non-stroke color because /'P231' is an invalid float value
2026-06-18 10:52:19,748 WARNING pdfminer.pdfinterp Cannot set gray non-stroke color because /'P232' is an invalid float value
2026-06-18 10:52:19,749 WARNING pdfminer.pdfinterp Cannot set gray non-stroke color because /'P233' is an invalid float value
2026-06-18 10:52:19,750 WARNING pdfminer.pdfinterp Cannot set gray non-stroke color because /'P234' is an invalid float value
2026-06-18 10:52:19,750 WARNING pdfminer.pdfinterp Cannot set gray non-stroke color because /'P235' is an invalid float value
2026-06-18 10:52:21,466 WARNING pdfminer.pdfinterp Cannot set gray stroke color because /'P0' is an invalid float value
2026-06-18 10:52:21,467 WARNING pdfminer.pdfinterp Cannot set gray stroke color because /'P1' is an invalid float value
2026-06-18 10:52:21,469 WARNING pdfminer.pdfinterp Cannot set gray stroke color because /'P2' is an invalid float value
2026-06-18 10:52:21,470 WARNING pdfminer.pdfinterp Cannot set gray stroke color because /'P3' is an invalid float value
2026-06-18 10:52:21,471 WARNING pdfminer.pdfinterp Cannot set gray stroke color because /'P4' is an invalid float value
2026-06-18 10:52:23,575 WARNING pdfminer.pdfinterp Cannot set gray non-stroke color because /'P0' is an invalid float value
2026-06-18 10:52:23,586 WARNING pdfminer.pdfinterp Cannot set gray stroke color because /'P1' is an invalid float value
2026-06-18 10:52:23,757 WARNING pdfminer.pdfinterp Cannot set gray stroke color because /'P0' is an invalid float value
2026-06-18 10:52:23,759 WARNING pdfminer.pdfinterp Cannot set gray stroke color because /'P1' is an invalid float value
2026-06-18 10:52:23,761 WARNING pdfminer.pdfinterp Cannot set gray stroke color because /'P2' is an invalid float value
2026-06-18 10:52:23,763 WARNING pdfminer.pdfinterp Cannot set gray stroke color because /'P3' is an invalid float value
2026-06-18 10:52:23,765 WARNING pdfminer.pdfinterp Cannot set gray stroke color because /'P4' is an invalid float value
2026-06-18 10:52:23,767 WARNING pdfminer.pdfinterp Cannot set gray stroke color because /'P5' is an invalid float value
2026-06-18 10:52:23,769 WARNING pdfminer.pdfinterp Cannot set gray stroke color because /'P6' is an invalid float value
2026-06-18 10:52:23,771 WARNING pdfminer.pdfinterp Cannot set gray stroke color because /'P7' is an invalid float value
2026-06-18 10:52:23,773 WARNING pdfminer.pdfinterp Cannot set gray stroke color because /'P8' is an invalid float value
2026-06-18 10:52:23,775 WARNING pdfminer.pdfinterp Cannot set gray stroke color because /'P9' is an invalid float value
2026-06-18 10:52:23,777 WARNING pdfminer.pdfinterp Cannot set gray stroke color because /'P10' is an invalid float value
2026-06-18 10:52:23,779 WARNING pdfminer.pdfinterp Cannot set gray stroke color because /'P11' is an invalid float value
2026-06-18 10:52:23,781 WARNING pdfminer.pdfinterp Cannot set gray stroke color because /'P12' is an invalid float value
2026-06-18 10:52:23,784 WARNING pdfminer.pdfinterp Cannot set gray stroke color because /'P13' is an invalid float value
2026-06-18 10:52:23,787 WARNING pdfminer.pdfinterp Cannot set gray stroke color because /'P14' is an invalid float value
2026-06-18 10:52:23,789 WARNING pdfminer.pdfinterp Cannot set gray stroke color because /'P15' is an invalid float value
2026-06-18 10:52:23,791 WARNING pdfminer.pdfinterp Cannot set gray stroke color because /'P16' is an invalid float value
2026-06-18 10:52:23,793 WARNING pdfminer.pdfinterp Cannot set gray stroke color because /'P17' is an invalid float value
2026-06-18 10:52:23,795 WARNING pdfminer.pdfinterp Cannot set gray stroke color because /'P18' is an invalid float value
2026-06-18 10:52:23,798 WARNING pdfminer.pdfinterp Cannot set gray stroke color because /'P19' is an invalid float value
2026-06-18 10:52:23,804 WARNING pdfminer.pdfinterp Cannot set gray stroke color because /'P20' is an invalid float value
2026-06-18 10:52:23,807 WARNING pdfminer.pdfinterp Cannot set gray stroke color because /'P21' is an invalid float value
2026-06-18 10:52:23,810 WARNING pdfminer.pdfinterp Cannot set gray stroke color because /'P22' is an invalid float value
2026-06-18 10:52:23,812 WARNING pdfminer.pdfinterp Cannot set gray stroke color because /'P23' is an invalid float value
2026-06-18 10:52:23,814 WARNING pdfminer.pdfinterp Cannot set gray stroke color because /'P24' is an invalid float value
2026-06-18 10:52:23,817 WARNING pdfminer.pdfinterp Cannot set gray stroke color because /'P25' is an invalid float value
2026-06-18 10:52:23,820 WARNING pdfminer.pdfinterp Cannot set gray stroke color because /'P26' is an invalid float value
2026-06-18 10:52:23,822 WARNING pdfminer.pdfinterp Cannot set gray stroke color because /'P27' is an invalid float value
2026-06-18 10:52:23,825 WARNING pdfminer.pdfinterp Cannot set gray stroke color because /'P28' is an invalid float value
2026-06-18 10:52:23,829 WARNING pdfminer.pdfinterp Cannot set gray stroke color because /'P29' is an invalid float value
2026-06-18 10:52:23,833 WARNING pdfminer.pdfinterp Cannot set gray stroke color because /'P30' is an invalid float value
2026-06-18 10:52:23,846 WARNING pdfminer.pdfinterp Cannot set gray stroke color because /'P31' is an invalid float value
2026-06-18 10:52:23,850 WARNING pdfminer.pdfinterp Cannot set gray stroke color because /'P32' is an invalid float value
2026-06-18 10:52:23,855 WARNING pdfminer.pdfinterp Cannot set gray stroke color because /'P33' is an invalid float value
2026-06-18 10:52:23,859 WARNING pdfminer.pdfinterp Cannot set gray stroke color because /'P34' is an invalid float value
2026-06-18 10:52:23,861 WARNING pdfminer.pdfinterp Cannot set gray stroke color because /'P35' is an invalid float value
2026-06-18 10:52:23,864 WARNING pdfminer.pdfinterp Cannot set gray stroke color because /'P36' is an invalid float value
2026-06-18 10:52:23,867 WARNING pdfminer.pdfinterp Cannot set gray stroke color because /'P37' is an invalid float value
2026-06-18 10:52:23,869 WARNING pdfminer.pdfinterp Cannot set gray stroke color because /'P38' is an invalid float value
2026-06-18 10:52:23,871 WARNING pdfminer.pdfinterp Cannot set gray stroke color because /'P39' is an invalid float value
2026-06-18 10:52:23,875 WARNING pdfminer.pdfinterp Cannot set gray stroke color because /'P40' is an invalid float value
2026-06-18 10:52:23,880 WARNING pdfminer.pdfinterp Cannot set gray stroke color because /'P41' is an invalid float value
2026-06-18 10:52:23,889 WARNING pdfminer.pdfinterp Cannot set gray stroke color because /'P42' is an invalid float value
2026-06-18 10:52:23,900 WARNING pdfminer.pdfinterp Cannot set gray stroke color because /'P43' is an invalid float value
2026-06-18 10:52:23,904 WARNING pdfminer.pdfinterp Cannot set gray stroke color because /'P44' is an invalid float value
2026-06-18 10:52:23,912 WARNING pdfminer.pdfinterp Cannot set gray stroke color because /'P45' is an invalid float value
2026-06-18 10:52:23,918 WARNING pdfminer.pdfinterp Cannot set gray stroke color because /'P46' is an invalid float value
2026-06-18 10:52:24,243 WARNING pdfminer.pdfinterp Cannot set gray stroke color because /'P47' is an invalid float value
2026-06-18 10:52:24,388 WARNING pdfminer.pdfinterp Cannot set gray stroke color because /'P48' is an invalid float value
2026-06-18 10:52:24,834 WARNING pdfminer.pdfinterp Cannot set gray stroke color because /'P49' is an invalid float value
2026-06-18 10:52:25,231 WARNING pdfminer.pdfinterp Cannot set gray stroke color because /'P50' is an invalid float value
2026-06-18 10:52:25,605 WARNING pdfminer.pdfinterp Cannot set gray stroke color because /'P51' is an invalid float value
2026-06-18 10:52:26,034 WARNING pdfminer.pdfinterp Cannot set gray stroke color because /'P52' is an invalid float value
2026-06-18 10:52:26,530 WARNING pdfminer.pdfinterp Cannot set gray stroke color because /'P53' is an invalid float value
2026-06-18 10:52:26,942 WARNING pdfminer.pdfinterp Cannot set gray stroke color because /'P54' is an invalid float value
2026-06-18 10:52:27,384 WARNING pdfminer.pdfinterp Cannot set gray stroke color because /'P55' is an invalid float value
2026-06-18 10:52:27,802 WARNING pdfminer.pdfinterp Cannot set gray stroke color because /'P56' is an invalid float value
2026-06-18 10:52:28,197 WARNING pdfminer.pdfinterp Cannot set gray stroke color because /'P57' is an invalid float value
2026-06-18 10:52:29,584 WARNING pdfminer.pdfinterp Cannot set gray stroke color because /'P58' is an invalid float value
2026-06-18 10:52:30,113 WARNING pdfminer.pdfinterp Cannot set gray stroke color because /'P59' is an invalid float value
2026-06-18 10:52:30,489 WARNING pdfminer.pdfinterp Cannot set gray stroke color because /'P60' is an invalid float value
2026-06-18 10:52:30,905 WARNING pdfminer.pdfinterp Cannot set gray stroke color because /'P61' is an invalid float value
2026-06-18 10:52:31,256 WARNING pdfminer.pdfinterp Cannot set gray stroke color because /'P62' is an invalid float value
2026-06-18 10:52:31,811 WARNING pdfminer.pdfinterp Cannot set gray stroke color because /'P63' is an invalid float value
2026-06-18 10:52:32,154 WARNING pdfminer.pdfinterp Cannot set gray stroke color because /'P64' is an invalid float value
2026-06-18 10:52:32,513 WARNING pdfminer.pdfinterp Cannot set gray stroke color because /'P65' is an invalid float value
2026-06-18 10:52:32,913 WARNING pdfminer.pdfinterp Cannot set gray stroke color because /'P66' is an invalid float value
2026-06-18 10:52:33,291 WARNING pdfminer.pdfinterp Cannot set gray stroke color because /'P67' is an invalid float value
2026-06-18 10:52:33,292 WARNING pdfminer.pdfinterp Cannot set gray stroke color because /'P68' is an invalid float value
2026-06-18 10:52:33,292 WARNING pdfminer.pdfinterp Cannot set gray stroke color because /'P69' is an invalid float value
2026-06-18 10:52:33,293 WARNING pdfminer.pdfinterp Cannot set gray stroke color because /'P70' is an invalid float value
2026-06-18 10:52:33,294 WARNING pdfminer.pdfinterp Cannot set gray stroke color because /'P71' is an invalid float value
2026-06-18 10:52:35,883 WARNING pdfminer.pdfinterp Cannot set gray stroke color because /'P0' is an invalid float value
2026-06-18 10:52:35,885 WARNING pdfminer.pdfinterp Cannot set gray stroke color because /'P1' is an invalid float value
2026-06-18 10:52:35,886 WARNING pdfminer.pdfinterp Cannot set gray stroke color because /'P2' is an invalid float value
2026-06-18 10:52:35,888 WARNING pdfminer.pdfinterp Cannot set gray stroke color because /'P3' is an invalid float value
2026-06-18 10:52:35,891 WARNING pdfminer.pdfinterp Cannot set gray stroke color because /'P4' is an invalid float value
2026-06-18 10:52:35,893 WARNING pdfminer.pdfinterp Cannot set gray stroke color because /'P5' is an invalid float value
2026-06-18 10:52:35,895 WARNING pdfminer.pdfinterp Cannot set gray stroke color because /'P6' is an invalid float value
2026-06-18 10:52:35,896 WARNING pdfminer.pdfinterp Cannot set gray stroke color because /'P7' is an invalid float value
2026-06-18 10:52:35,899 WARNING pdfminer.pdfinterp Cannot set gray stroke color because /'P8' is an invalid float value
2026-06-18 10:52:35,902 WARNING pdfminer.pdfinterp Cannot set gray stroke color because /'P9' is an invalid float value
2026-06-18 10:52:35,904 WARNING pdfminer.pdfinterp Cannot set gray stroke color because /'P10' is an invalid float value
2026-06-18 10:52:35,906 WARNING pdfminer.pdfinterp Cannot set gray stroke color because /'P11' is an invalid float value
2026-06-18 10:52:35,909 WARNING pdfminer.pdfinterp Cannot set gray stroke color because /'P12' is an invalid float value
2026-06-18 10:52:35,911 WARNING pdfminer.pdfinterp Cannot set gray stroke color because /'P13' is an invalid float value
2026-06-18 10:52:35,913 WARNING pdfminer.pdfinterp Cannot set gray stroke color because /'P14' is an invalid float value
2026-06-18 10:52:35,915 WARNING pdfminer.pdfinterp Cannot set gray stroke color because /'P15' is an invalid float value
2026-06-18 10:52:35,918 WARNING pdfminer.pdfinterp Cannot set gray stroke color because /'P16' is an invalid float value
2026-06-18 10:52:35,920 WARNING pdfminer.pdfinterp Cannot set gray stroke color because /'P17' is an invalid float value
2026-06-18 10:52:35,924 WARNING pdfminer.pdfinterp Cannot set gray stroke color because /'P18' is an invalid float value
2026-06-18 10:52:35,928 WARNING pdfminer.pdfinterp Cannot set gray stroke color because /'P19' is an invalid float value
2026-06-18 10:52:35,934 WARNING pdfminer.pdfinterp Cannot set gray stroke color because /'P20' is an invalid float value
2026-06-18 10:52:35,942 WARNING pdfminer.pdfinterp Cannot set gray stroke color because /'P21' is an invalid float value
2026-06-18 10:52:35,950 WARNING pdfminer.pdfinterp Cannot set gray stroke color because /'P22' is an invalid float value
2026-06-18 10:52:35,953 WARNING pdfminer.pdfinterp Cannot set gray stroke color because /'P23' is an invalid float value
2026-06-18 10:52:35,956 WARNING pdfminer.pdfinterp Cannot set gray stroke color because /'P24' is an invalid float value
2026-06-18 10:52:35,957 WARNING pdfminer.pdfinterp Cannot set gray stroke color because /'P25' is an invalid float value
2026-06-18 10:52:35,960 WARNING pdfminer.pdfinterp Cannot set gray stroke color because /'P26' is an invalid float value
2026-06-18 10:52:35,963 WARNING pdfminer.pdfinterp Cannot set gray stroke color because /'P27' is an invalid float value
2026-06-18 10:52:35,967 WARNING pdfminer.pdfinterp Cannot set gray stroke color because /'P28' is an invalid float value
2026-06-18 10:52:35,971 WARNING pdfminer.pdfinterp Cannot set gray stroke color because /'P29' is an invalid float value
2026-06-18 10:52:35,974 WARNING pdfminer.pdfinterp Cannot set gray stroke color because /'P30' is an invalid float value
2026-06-18 10:52:35,980 WARNING pdfminer.pdfinterp Cannot set gray stroke color because /'P31' is an invalid float value
2026-06-18 10:52:35,984 WARNING pdfminer.pdfinterp Cannot set gray stroke color because /'P32' is an invalid float value
2026-06-18 10:52:35,986 WARNING pdfminer.pdfinterp Cannot set gray stroke color because /'P33' is an invalid float value
2026-06-18 10:52:35,990 WARNING pdfminer.pdfinterp Cannot set gray stroke color because /'P34' is an invalid float value
2026-06-18 10:52:35,992 WARNING pdfminer.pdfinterp Cannot set gray stroke color because /'P35' is an invalid float value
2026-06-18 10:52:35,994 WARNING pdfminer.pdfinterp Cannot set gray stroke color because /'P36' is an invalid float value
2026-06-18 10:52:35,998 WARNING pdfminer.pdfinterp Cannot set gray stroke color because /'P37' is an invalid float value
2026-06-18 10:52:36,004 WARNING pdfminer.pdfinterp Cannot set gray stroke color because /'P38' is an invalid float value
2026-06-18 10:52:36,008 WARNING pdfminer.pdfinterp Cannot set gray stroke color because /'P39' is an invalid float value
2026-06-18 10:52:36,010 WARNING pdfminer.pdfinterp Cannot set gray stroke color because /'P40' is an invalid float value
2026-06-18 10:52:36,012 WARNING pdfminer.pdfinterp Cannot set gray stroke color because /'P41' is an invalid float value
2026-06-18 10:52:36,020 WARNING pdfminer.pdfinterp Cannot set gray stroke color because /'P42' is an invalid float value
2026-06-18 10:52:36,026 WARNING pdfminer.pdfinterp Cannot set gray stroke color because /'P43' is an invalid float value
2026-06-18 10:52:36,030 WARNING pdfminer.pdfinterp Cannot set gray stroke color because /'P44' is an invalid float value
2026-06-18 10:52:36,034 WARNING pdfminer.pdfinterp Cannot set gray stroke color because /'P45' is an invalid float value
2026-06-18 10:52:36,038 WARNING pdfminer.pdfinterp Cannot set gray stroke color because /'P46' is an invalid float value
2026-06-18 10:52:36,042 WARNING pdfminer.pdfinterp Cannot set gray stroke color because /'P47' is an invalid float value
2026-06-18 10:52:36,044 WARNING pdfminer.pdfinterp Cannot set gray stroke color because /'P48' is an invalid float value
2026-06-18 10:52:36,046 WARNING pdfminer.pdfinterp Cannot set gray stroke color because /'P49' is an invalid float value
2026-06-18 10:52:36,049 WARNING pdfminer.pdfinterp Cannot set gray stroke color because /'P50' is an invalid float value
2026-06-18 10:52:36,051 WARNING pdfminer.pdfinterp Cannot set gray stroke color because /'P51' is an invalid float value
2026-06-18 10:52:36,054 WARNING pdfminer.pdfinterp Cannot set gray stroke color because /'P52' is an invalid float value
2026-06-18 10:52:36,057 WARNING pdfminer.pdfinterp Cannot set gray stroke color because /'P53' is an invalid float value
2026-06-18 10:52:36,061 WARNING pdfminer.pdfinterp Cannot set gray stroke color because /'P54' is an invalid float value
2026-06-18 10:52:36,066 WARNING pdfminer.pdfinterp Cannot set gray stroke color because /'P55' is an invalid float value
2026-06-18 10:52:36,070 WARNING pdfminer.pdfinterp Cannot set gray stroke color because /'P56' is an invalid float value
2026-06-18 10:52:36,075 WARNING pdfminer.pdfinterp Cannot set gray stroke color because /'P57' is an invalid float value
2026-06-18 10:52:36,080 WARNING pdfminer.pdfinterp Cannot set gray stroke color because /'P58' is an invalid float value
2026-06-18 10:52:36,084 WARNING pdfminer.pdfinterp Cannot set gray stroke color because /'P59' is an invalid float value
2026-06-18 10:52:36,090 WARNING pdfminer.pdfinterp Cannot set gray stroke color because /'P60' is an invalid float value
2026-06-18 10:52:36,094 WARNING pdfminer.pdfinterp Cannot set gray stroke color because /'P61' is an invalid float value
2026-06-18 10:52:36,104 WARNING pdfminer.pdfinterp Cannot set gray stroke color because /'P62' is an invalid float value
2026-06-18 10:52:36,111 WARNING pdfminer.pdfinterp Cannot set gray stroke color because /'P63' is an invalid float value
2026-06-18 10:52:36,117 WARNING pdfminer.pdfinterp Cannot set gray stroke color because /'P64' is an invalid float value
2026-06-18 10:52:36,121 WARNING pdfminer.pdfinterp Cannot set gray stroke color because /'P65' is an invalid float value
2026-06-18 10:52:36,124 WARNING pdfminer.pdfinterp Cannot set gray stroke color because /'P66' is an invalid float value
2026-06-18 10:52:36,128 WARNING pdfminer.pdfinterp Cannot set gray stroke color because /'P67' is an invalid float value
2026-06-18 10:52:36,129 WARNING pdfminer.pdfinterp Cannot set gray stroke color because /'P68' is an invalid float value
2026-06-18 10:52:36,133 WARNING pdfminer.pdfinterp Cannot set gray stroke color because /'P69' is an invalid float value
2026-06-18 10:52:36,135 WARNING pdfminer.pdfinterp Cannot set gray stroke color because /'P70' is an invalid float value
2026-06-18 10:52:36,137 WARNING pdfminer.pdfinterp Cannot set gray stroke color because /'P71' is an invalid float value
2026-06-18 10:52:36,141 WARNING pdfminer.pdfinterp Cannot set gray stroke color because /'P72' is an invalid float value
2026-06-18 10:52:36,144 WARNING pdfminer.pdfinterp Cannot set gray stroke color because /'P73' is an invalid float value
2026-06-18 10:52:36,148 WARNING pdfminer.pdfinterp Cannot set gray stroke color because /'P74' is an invalid float value
2026-06-18 10:52:36,151 WARNING pdfminer.pdfinterp Cannot set gray stroke color because /'P75' is an invalid float value
2026-06-18 10:52:36,155 WARNING pdfminer.pdfinterp Cannot set gray stroke color because /'P76' is an invalid float value
2026-06-18 10:52:36,159 WARNING pdfminer.pdfinterp Cannot set gray stroke color because /'P77' is an invalid float value
2026-06-18 10:52:36,162 WARNING pdfminer.pdfinterp Cannot set gray stroke color because /'P78' is an invalid float value
2026-06-18 10:52:36,165 WARNING pdfminer.pdfinterp Cannot set gray stroke color because /'P79' is an invalid float value
2026-06-18 10:52:36,168 WARNING pdfminer.pdfinterp Cannot set gray stroke color because /'P80' is an invalid float value
2026-06-18 10:52:36,171 WARNING pdfminer.pdfinterp Cannot set gray stroke color because /'P81' is an invalid float value
2026-06-18 10:52:36,174 WARNING pdfminer.pdfinterp Cannot set gray stroke color because /'P82' is an invalid float value
2026-06-18 10:52:36,177 WARNING pdfminer.pdfinterp Cannot set gray stroke color because /'P83' is an invalid float value
2026-06-18 10:52:36,179 WARNING pdfminer.pdfinterp Cannot set gray stroke color because /'P84' is an invalid float value
2026-06-18 10:52:36,182 WARNING pdfminer.pdfinterp Cannot set gray stroke color because /'P85' is an invalid float value
2026-06-18 10:52:36,185 WARNING pdfminer.pdfinterp Cannot set gray stroke color because /'P86' is an invalid float value
2026-06-18 10:52:36,187 WARNING pdfminer.pdfinterp Cannot set gray stroke color because /'P87' is an invalid float value
2026-06-18 10:52:36,190 WARNING pdfminer.pdfinterp Cannot set gray stroke color because /'P88' is an invalid float value
2026-06-18 10:52:36,192 WARNING pdfminer.pdfinterp Cannot set gray stroke color because /'P89' is an invalid float value
2026-06-18 10:52:36,193 WARNING pdfminer.pdfinterp Cannot set gray stroke color because /'P90' is an invalid float value
2026-06-18 10:52:36,196 WARNING pdfminer.pdfinterp Cannot set gray stroke color because /'P91' is an invalid float value
2026-06-18 10:52:36,198 WARNING pdfminer.pdfinterp Cannot set gray stroke color because /'P92' is an invalid float value
2026-06-18 10:52:36,202 WARNING pdfminer.pdfinterp Cannot set gray stroke color because /'P93' is an invalid float value
2026-06-18 10:52:36,205 WARNING pdfminer.pdfinterp Cannot set gray stroke color because /'P94' is an invalid float value
2026-06-18 10:52:36,206 WARNING pdfminer.pdfinterp Cannot set gray stroke color because /'P95' is an invalid float value
2026-06-18 10:52:36,208 WARNING pdfminer.pdfinterp Cannot set gray stroke color because /'P96' is an invalid float value
2026-06-18 10:52:36,210 WARNING pdfminer.pdfinterp Cannot set gray stroke color because /'P97' is an invalid float value
2026-06-18 10:52:36,212 WARNING pdfminer.pdfinterp Cannot set gray stroke color because /'P98' is an invalid float value
2026-06-18 10:52:36,213 WARNING pdfminer.pdfinterp Cannot set gray stroke color because /'P99' is an invalid float value
2026-06-18 10:52:36,215 WARNING pdfminer.pdfinterp Cannot set gray stroke color because /'P100' is an invalid float value
2026-06-18 10:52:36,216 WARNING pdfminer.pdfinterp Cannot set gray stroke color because /'P101' is an invalid float value
2026-06-18 10:52:36,218 WARNING pdfminer.pdfinterp Cannot set gray stroke color because /'P102' is an invalid float value
2026-06-18 10:52:36,219 WARNING pdfminer.pdfinterp Cannot set gray stroke color because /'P103' is an invalid float value
2026-06-18 10:52:36,221 WARNING pdfminer.pdfinterp Cannot set gray stroke color because /'P104' is an invalid float value
2026-06-18 10:52:36,222 WARNING pdfminer.pdfinterp Cannot set gray stroke color because /'P105' is an invalid float value
2026-06-18 10:52:36,223 WARNING pdfminer.pdfinterp Cannot set gray stroke color because /'P106' is an invalid float value
2026-06-18 10:52:36,225 WARNING pdfminer.pdfinterp Cannot set gray stroke color because /'P107' is an invalid float value
2026-06-18 10:52:36,227 WARNING pdfminer.pdfinterp Cannot set gray stroke color because /'P108' is an invalid float value
2026-06-18 10:52:36,229 WARNING pdfminer.pdfinterp Cannot set gray stroke color because /'P109' is an invalid float value
2026-06-18 10:52:36,230 WARNING pdfminer.pdfinterp Cannot set gray stroke color because /'P110' is an invalid float value
2026-06-18 10:52:36,232 WARNING pdfminer.pdfinterp Cannot set gray stroke color because /'P111' is an invalid float value
2026-06-18 10:52:36,233 WARNING pdfminer.pdfinterp Cannot set gray stroke color because /'P112' is an invalid float value
2026-06-18 10:52:36,236 WARNING pdfminer.pdfinterp Cannot set gray stroke color because /'P113' is an invalid float value
2026-06-18 10:52:36,240 WARNING pdfminer.pdfinterp Cannot set gray stroke color because /'P114' is an invalid float value
2026-06-18 10:52:36,242 WARNING pdfminer.pdfinterp Cannot set gray stroke color because /'P115' is an invalid float value
2026-06-18 10:52:36,245 WARNING pdfminer.pdfinterp Cannot set gray stroke color because /'P116' is an invalid float value
2026-06-18 10:52:36,248 WARNING pdfminer.pdfinterp Cannot set gray stroke color because /'P117' is an invalid float value
2026-06-18 10:52:36,250 WARNING pdfminer.pdfinterp Cannot set gray stroke color because /'P118' is an invalid float value
2026-06-18 10:52:36,252 WARNING pdfminer.pdfinterp Cannot set gray stroke color because /'P119' is an invalid float value
2026-06-18 10:52:36,255 WARNING pdfminer.pdfinterp Cannot set gray stroke color because /'P120' is an invalid float value
2026-06-18 10:52:36,258 WARNING pdfminer.pdfinterp Cannot set gray stroke color because /'P121' is an invalid float value
2026-06-18 10:52:36,261 WARNING pdfminer.pdfinterp Cannot set gray stroke color because /'P122' is an invalid float value
2026-06-18 10:52:36,266 WARNING pdfminer.pdfinterp Cannot set gray stroke color because /'P123' is an invalid float value
2026-06-18 10:52:36,274 WARNING pdfminer.pdfinterp Cannot set gray stroke color because /'P124' is an invalid float value
2026-06-18 10:52:36,278 WARNING pdfminer.pdfinterp Cannot set gray stroke color because /'P125' is an invalid float value
2026-06-18 10:52:36,282 WARNING pdfminer.pdfinterp Cannot set gray stroke color because /'P126' is an invalid float value
2026-06-18 10:52:36,289 WARNING pdfminer.pdfinterp Cannot set gray stroke color because /'P127' is an invalid float value
2026-06-18 10:52:36,298 WARNING pdfminer.pdfinterp Cannot set gray stroke color because /'P128' is an invalid float value
2026-06-18 10:52:36,306 WARNING pdfminer.pdfinterp Cannot set gray stroke color because /'P129' is an invalid float value
2026-06-18 10:52:36,314 WARNING pdfminer.pdfinterp Cannot set gray stroke color because /'P130' is an invalid float value
2026-06-18 10:52:36,321 WARNING pdfminer.pdfinterp Cannot set gray stroke color because /'P131' is an invalid float value
2026-06-18 10:52:36,328 WARNING pdfminer.pdfinterp Cannot set gray stroke color because /'P132' is an invalid float value
2026-06-18 10:52:36,333 WARNING pdfminer.pdfinterp Cannot set gray stroke color because /'P133' is an invalid float value
2026-06-18 10:52:36,335 WARNING pdfminer.pdfinterp Cannot set gray stroke color because /'P134' is an invalid float value
2026-06-18 10:52:36,337 WARNING pdfminer.pdfinterp Cannot set gray stroke color because /'P135' is an invalid float value
2026-06-18 10:52:36,339 WARNING pdfminer.pdfinterp Cannot set gray stroke color because /'P136' is an invalid float value
2026-06-18 10:52:36,342 WARNING pdfminer.pdfinterp Cannot set gray stroke color because /'P137' is an invalid float value
2026-06-18 10:52:36,344 WARNING pdfminer.pdfinterp Cannot set gray stroke color because /'P138' is an invalid float value
2026-06-18 10:52:36,355 WARNING pdfminer.pdfinterp Cannot set gray stroke color because /'P139' is an invalid float value
2026-06-18 10:52:36,364 WARNING pdfminer.pdfinterp Cannot set gray stroke color because /'P140' is an invalid float value
2026-06-18 10:52:36,367 WARNING pdfminer.pdfinterp Cannot set gray stroke color because /'P141' is an invalid float value
2026-06-18 10:52:36,377 WARNING pdfminer.pdfinterp Cannot set gray stroke color because /'P142' is an invalid float value
2026-06-18 10:52:36,389 WARNING pdfminer.pdfinterp Cannot set gray stroke color because /'P143' is an invalid float value
2026-06-18 10:52:36,396 WARNING pdfminer.pdfinterp Cannot set gray stroke color because /'P144' is an invalid float value
2026-06-18 10:52:36,401 WARNING pdfminer.pdfinterp Cannot set gray stroke color because /'P145' is an invalid float value
2026-06-18 10:52:36,405 WARNING pdfminer.pdfinterp Cannot set gray stroke color because /'P146' is an invalid float value
2026-06-18 10:52:36,410 WARNING pdfminer.pdfinterp Cannot set gray stroke color because /'P147' is an invalid float value
2026-06-18 10:52:36,420 WARNING pdfminer.pdfinterp Cannot set gray stroke color because /'P148' is an invalid float value
2026-06-18 10:52:36,430 WARNING pdfminer.pdfinterp Cannot set gray stroke color because /'P149' is an invalid float value
2026-06-18 10:52:36,438 WARNING pdfminer.pdfinterp Cannot set gray stroke color because /'P150' is an invalid float value
2026-06-18 10:52:36,447 WARNING pdfminer.pdfinterp Cannot set gray stroke color because /'P151' is an invalid float value
2026-06-18 10:52:36,458 WARNING pdfminer.pdfinterp Cannot set gray stroke color because /'P152' is an invalid float value
2026-06-18 10:52:36,467 WARNING pdfminer.pdfinterp Cannot set gray stroke color because /'P153' is an invalid float value
2026-06-18 10:52:36,474 WARNING pdfminer.pdfinterp Cannot set gray stroke color because /'P154' is an invalid float value
2026-06-18 10:52:36,686 WARNING pdfminer.pdfinterp Cannot set gray stroke color because /'P155' is an invalid float value
2026-06-18 10:52:37,336 WARNING pdfminer.pdfinterp Cannot set gray stroke color because /'P156' is an invalid float value
2026-06-18 10:52:37,740 WARNING pdfminer.pdfinterp Cannot set gray stroke color because /'P157' is an invalid float value
2026-06-18 10:52:38,179 WARNING pdfminer.pdfinterp Cannot set gray stroke color because /'P158' is an invalid float value
2026-06-18 10:52:38,503 WARNING pdfminer.pdfinterp Cannot set gray stroke color because /'P159' is an invalid float value
2026-06-18 10:52:38,845 WARNING pdfminer.pdfinterp Cannot set gray stroke color because /'P160' is an invalid float value
2026-06-18 10:52:39,336 WARNING pdfminer.pdfinterp Cannot set gray stroke color because /'P161' is an invalid float value
2026-06-18 10:52:39,605 WARNING pdfminer.pdfinterp Cannot set gray stroke color because /'P162' is an invalid float value
2026-06-18 10:52:40,081 WARNING pdfminer.pdfinterp Cannot set gray stroke color because /'P163' is an invalid float value
2026-06-18 10:52:40,518 WARNING pdfminer.pdfinterp Cannot set gray stroke color because /'P164' is an invalid float value
2026-06-18 10:52:40,880 WARNING pdfminer.pdfinterp Cannot set gray stroke color because /'P165' is an invalid float value
2026-06-18 10:52:41,299 WARNING pdfminer.pdfinterp Cannot set gray stroke color because /'P166' is an invalid float value
2026-06-18 10:52:41,931 WARNING pdfminer.pdfinterp Cannot set gray stroke color because /'P167' is an invalid float value
2026-06-18 10:52:42,324 WARNING pdfminer.pdfinterp Cannot set gray stroke color because /'P168' is an invalid float value
2026-06-18 10:52:42,775 WARNING pdfminer.pdfinterp Cannot set gray stroke color because /'P169' is an invalid float value
2026-06-18 10:52:43,361 WARNING pdfminer.pdfinterp Cannot set gray stroke color because /'P170' is an invalid float value
2026-06-18 10:52:43,695 WARNING pdfminer.pdfinterp Cannot set gray stroke color because /'P171' is an invalid float value
2026-06-18 10:52:44,087 WARNING pdfminer.pdfinterp Cannot set gray stroke color because /'P172' is an invalid float value
2026-06-18 10:52:44,596 WARNING pdfminer.pdfinterp Cannot set gray stroke color because /'P173' is an invalid float value
2026-06-18 10:52:44,977 WARNING pdfminer.pdfinterp Cannot set gray stroke color because /'P174' is an invalid float value
2026-06-18 10:52:45,286 WARNING pdfminer.pdfinterp Cannot set gray stroke color because /'P175' is an invalid float value
2026-06-18 10:52:45,707 WARNING pdfminer.pdfinterp Cannot set gray stroke color because /'P176' is an invalid float value
2026-06-18 10:52:46,319 WARNING pdfminer.pdfinterp Cannot set gray stroke color because /'P177' is an invalid float value
2026-06-18 10:52:46,665 WARNING pdfminer.pdfinterp Cannot set gray stroke color because /'P178' is an invalid float value
2026-06-18 10:52:47,018 WARNING pdfminer.pdfinterp Cannot set gray stroke color because /'P179' is an invalid float value
2026-06-18 10:52:47,630 WARNING pdfminer.pdfinterp Cannot set gray stroke color because /'P180' is an invalid float value
2026-06-18 10:52:48,040 WARNING pdfminer.pdfinterp Cannot set gray stroke color because /'P181' is an invalid float value
2026-06-18 10:52:48,546 WARNING pdfminer.pdfinterp Cannot set gray stroke color because /'P182' is an invalid float value
2026-06-18 10:52:49,112 WARNING pdfminer.pdfinterp Cannot set gray stroke color because /'P183' is an invalid float value
2026-06-18 10:52:49,432 WARNING pdfminer.pdfinterp Cannot set gray stroke color because /'P184' is an invalid float value
2026-06-18 10:52:49,750 WARNING pdfminer.pdfinterp Cannot set gray stroke color because /'P185' is an invalid float value
2026-06-18 10:52:50,173 WARNING pdfminer.pdfinterp Cannot set gray stroke color because /'P186' is an invalid float value
2026-06-18 10:52:50,483 WARNING pdfminer.pdfinterp Cannot set gray stroke color because /'P187' is an invalid float value
2026-06-18 10:52:50,890 WARNING pdfminer.pdfinterp Cannot set gray stroke color because /'P188' is an invalid float value
2026-06-18 10:52:51,224 WARNING pdfminer.pdfinterp Cannot set gray stroke color because /'P189' is an invalid float value
2026-06-18 10:52:51,606 WARNING pdfminer.pdfinterp Cannot set gray stroke color because /'P190' is an invalid float value
2026-06-18 10:52:52,283 WARNING pdfminer.pdfinterp Cannot set gray stroke color because /'P191' is an invalid float value
2026-06-18 10:52:52,716 WARNING pdfminer.pdfinterp Cannot set gray stroke color because /'P192' is an invalid float value
2026-06-18 10:52:53,213 WARNING pdfminer.pdfinterp Cannot set gray stroke color because /'P193' is an invalid float value
2026-06-18 10:52:53,647 WARNING pdfminer.pdfinterp Cannot set gray stroke color because /'P194' is an invalid float value
2026-06-18 10:52:54,287 WARNING pdfminer.pdfinterp Cannot set gray stroke color because /'P195' is an invalid float value
2026-06-18 10:52:54,680 WARNING pdfminer.pdfinterp Cannot set gray stroke color because /'P196' is an invalid float value
2026-06-18 10:52:54,956 WARNING pdfminer.pdfinterp Cannot set gray stroke color because /'P197' is an invalid float value
2026-06-18 10:52:55,407 WARNING pdfminer.pdfinterp Cannot set gray stroke color because /'P198' is an invalid float value
2026-06-18 10:52:55,750 WARNING pdfminer.pdfinterp Cannot set gray stroke color because /'P199' is an invalid float value
2026-06-18 10:52:56,111 WARNING pdfminer.pdfinterp Cannot set gray stroke color because /'P200' is an invalid float value
2026-06-18 10:52:56,404 WARNING pdfminer.pdfinterp Cannot set gray stroke color because /'P201' is an invalid float value
2026-06-18 10:52:56,841 WARNING pdfminer.pdfinterp Cannot set gray stroke color because /'P202' is an invalid float value
2026-06-18 10:52:57,151 WARNING pdfminer.pdfinterp Cannot set gray stroke color because /'P203' is an invalid float value
2026-06-18 10:52:57,572 WARNING pdfminer.pdfinterp Cannot set gray stroke color because /'P204' is an invalid float value
2026-06-18 10:52:58,020 WARNING pdfminer.pdfinterp Cannot set gray stroke color because /'P205' is an invalid float value
2026-06-18 10:52:58,498 WARNING pdfminer.pdfinterp Cannot set gray stroke color because /'P206' is an invalid float value
2026-06-18 10:52:59,052 WARNING pdfminer.pdfinterp Cannot set gray stroke color because /'P207' is an invalid float value
2026-06-18 10:52:59,493 WARNING pdfminer.pdfinterp Cannot set gray stroke color because /'P208' is an invalid float value
2026-06-18 10:53:00,180 WARNING pdfminer.pdfinterp Cannot set gray stroke color because /'P209' is an invalid float value
2026-06-18 10:53:00,985 WARNING pdfminer.pdfinterp Cannot set gray stroke color because /'P210' is an invalid float value
2026-06-18 10:53:01,612 WARNING pdfminer.pdfinterp Cannot set gray stroke color because /'P211' is an invalid float value
2026-06-18 10:53:02,383 WARNING pdfminer.pdfinterp Cannot set gray stroke color because /'P212' is an invalid float value
2026-06-18 10:53:03,008 WARNING pdfminer.pdfinterp Cannot set gray stroke color because /'P213' is an invalid float value
2026-06-18 10:53:03,658 WARNING pdfminer.pdfinterp Cannot set gray stroke color because /'P214' is an invalid float value
2026-06-18 10:53:04,442 WARNING pdfminer.pdfinterp Cannot set gray stroke color because /'P215' is an invalid float value
2026-06-18 10:53:05,072 WARNING pdfminer.pdfinterp Cannot set gray stroke color because /'P216' is an invalid float value
2026-06-18 10:53:05,845 WARNING pdfminer.pdfinterp Cannot set gray stroke color because /'P217' is an invalid float value
2026-06-18 10:53:06,443 WARNING pdfminer.pdfinterp Cannot set gray stroke color because /'P218' is an invalid float value
2026-06-18 10:53:07,262 WARNING pdfminer.pdfinterp Cannot set gray stroke color because /'P219' is an invalid float value
2026-06-18 10:53:07,919 WARNING pdfminer.pdfinterp Cannot set gray stroke color because /'P220' is an invalid float value
2026-06-18 10:53:08,539 WARNING pdfminer.pdfinterp Cannot set gray stroke color because /'P221' is an invalid float value
2026-06-18 10:53:09,405 WARNING pdfminer.pdfinterp Cannot set gray stroke color because /'P222' is an invalid float value
2026-06-18 10:53:10,043 WARNING pdfminer.pdfinterp Cannot set gray stroke color because /'P223' is an invalid float value
2026-06-18 10:53:10,857 WARNING pdfminer.pdfinterp Cannot set gray stroke color because /'P224' is an invalid float value
2026-06-18 10:53:11,514 WARNING pdfminer.pdfinterp Cannot set gray stroke color because /'P225' is an invalid float value
2026-06-18 10:53:12,165 WARNING pdfminer.pdfinterp Cannot set gray stroke color because /'P226' is an invalid float value
2026-06-18 10:53:12,930 WARNING pdfminer.pdfinterp Cannot set gray stroke color because /'P227' is an invalid float value
2026-06-18 10:53:13,631 WARNING pdfminer.pdfinterp Cannot set gray stroke color because /'P228' is an invalid float value
2026-06-18 10:53:14,439 WARNING pdfminer.pdfinterp Cannot set gray stroke color because /'P229' is an invalid float value
2026-06-18 10:53:15,079 WARNING pdfminer.pdfinterp Cannot set gray stroke color because /'P230' is an invalid float value
2026-06-18 10:53:15,758 WARNING pdfminer.pdfinterp Cannot set gray stroke color because /'P231' is an invalid float value
2026-06-18 10:53:16,534 WARNING pdfminer.pdfinterp Cannot set gray stroke color because /'P232' is an invalid float value
2026-06-18 10:53:17,122 WARNING pdfminer.pdfinterp Cannot set gray stroke color because /'P233' is an invalid float value
2026-06-18 10:53:18,013 WARNING pdfminer.pdfinterp Cannot set gray stroke color because /'P234' is an invalid float value
2026-06-18 10:53:18,566 WARNING pdfminer.pdfinterp Cannot set gray stroke color because /'P235' is an invalid float value
2026-06-18 10:53:18,840 WARNING pdfminer.pdfinterp Cannot set gray stroke color because /'P236' is an invalid float value
2026-06-18 10:53:19,116 WARNING pdfminer.pdfinterp Cannot set gray stroke color because /'P237' is an invalid float value
2026-06-18 10:53:19,264 WARNING pdfminer.pdfinterp Cannot set gray stroke color because /'P238' is an invalid float value
2026-06-18 10:53:19,543 WARNING pdfminer.pdfinterp Cannot set gray stroke color because /'P239' is an invalid float value
2026-06-18 10:53:19,769 WARNING pdfminer.pdfinterp Cannot set gray stroke color because /'P240' is an invalid float value
2026-06-18 10:53:20,013 WARNING pdfminer.pdfinterp Cannot set gray stroke color because /'P241' is an invalid float value
2026-06-18 10:53:20,829 WARNING pdfminer.pdfinterp Cannot set gray stroke color because /'P242' is an invalid float value
2026-06-18 10:53:21,494 WARNING pdfminer.pdfinterp Cannot set gray stroke color because /'P243' is an invalid float value
2026-06-18 10:53:22,053 WARNING pdfminer.pdfinterp Cannot set gray stroke color because /'P244' is an invalid float value
2026-06-18 10:53:22,328 WARNING pdfminer.pdfinterp Cannot set gray stroke color because /'P245' is an invalid float value
2026-06-18 10:53:22,627 WARNING pdfminer.pdfinterp Cannot set gray stroke color because /'P246' is an invalid float value
2026-06-18 10:53:23,418 WARNING pdfminer.pdfinterp Cannot set gray stroke color because /'P247' is an invalid float value
2026-06-18 10:53:24,269 WARNING pdfminer.pdfinterp Cannot set gray stroke color because /'P248' is an invalid float value
2026-06-18 10:53:25,373 WARNING pdfminer.pdfinterp Cannot set gray stroke color because /'P249' is an invalid float value
2026-06-18 10:53:25,982 WARNING pdfminer.pdfinterp Cannot set gray stroke color because /'P250' is an invalid float value
2026-06-18 10:53:26,611 WARNING pdfminer.pdfinterp Cannot set gray stroke color because /'P251' is an invalid float value
2026-06-18 10:53:27,634 WARNING pdfminer.pdfinterp Cannot set gray stroke color because /'P252' is an invalid float value
2026-06-18 10:53:28,023 WARNING pdfminer.pdfinterp Cannot set gray stroke color because /'P253' is an invalid float value
2026-06-18 10:53:28,815 WARNING pdfminer.pdfinterp Cannot set gray stroke color because /'P254' is an invalid float value
2026-06-18 10:53:29,546 WARNING pdfminer.pdfinterp Cannot set gray stroke color because /'P255' is an invalid float value
2026-06-18 10:53:30,409 WARNING pdfminer.pdfinterp Cannot set gray stroke color because /'P256' is an invalid float value
2026-06-18 10:53:31,315 WARNING pdfminer.pdfinterp Cannot set gray stroke color because /'P257' is an invalid float value
2026-06-18 10:53:31,893 WARNING pdfminer.pdfinterp Cannot set gray stroke color because /'P258' is an invalid float value
2026-06-18 10:53:32,446 WARNING pdfminer.pdfinterp Cannot set gray stroke color because /'P259' is an invalid float value
2026-06-18 10:53:33,278 WARNING pdfminer.pdfinterp Cannot set gray stroke color because /'P260' is an invalid float value
2026-06-18 10:53:33,876 WARNING pdfminer.pdfinterp Cannot set gray stroke color because /'P261' is an invalid float value
2026-06-18 10:53:34,437 WARNING pdfminer.pdfinterp Cannot set gray stroke color because /'P262' is an invalid float value
2026-06-18 10:53:35,201 WARNING pdfminer.pdfinterp Cannot set gray stroke color because /'P263' is an invalid float value
2026-06-18 10:53:35,566 WARNING pdfminer.pdfinterp Cannot set gray stroke color because /'P264' is an invalid float value
2026-06-18 10:53:35,566 WARNING pdfminer.pdfinterp Cannot set gray stroke color because /'P265' is an invalid float value
2026-06-18 10:53:35,570 WARNING pdfminer.pdfinterp Cannot set gray stroke color because /'P266' is an invalid float value
2026-06-18 10:53:35,571 WARNING pdfminer.pdfinterp Cannot set gray stroke color because /'P267' is an invalid float value
2026-06-18 10:53:35,577 WARNING pdfminer.pdfinterp Cannot set gray stroke color because /'P268' is an invalid float value
2026-06-18 10:53:35,578 WARNING pdfminer.pdfinterp Cannot set gray stroke color because /'P269' is an invalid float value
2026-06-18 10:53:35,583 WARNING pdfminer.pdfinterp Cannot set gray stroke color because /'P270' is an invalid float value
2026-06-18 10:53:35,584 WARNING pdfminer.pdfinterp Cannot set gray stroke color because /'P271' is an invalid float value
2026-06-18 10:54:02,719 WARNING pdfminer.pdfinterp Cannot set gray stroke color because /'P0' is an invalid float value
2026-06-18 10:54:02,722 WARNING pdfminer.pdfinterp Cannot set gray stroke color because /'P1' is an invalid float value
2026-06-18 10:54:02,735 WARNING pdfminer.pdfinterp Cannot set gray stroke color because /'P2' is an invalid float value
2026-06-18 10:54:02,736 WARNING pdfminer.pdfinterp Cannot set gray stroke color because /'P3' is an invalid float value
2026-06-18 10:54:02,737 WARNING pdfminer.pdfinterp Cannot set gray stroke color because /'P4' is an invalid float value
2026-06-18 10:54:02,738 WARNING pdfminer.pdfinterp Cannot set gray stroke color because /'P5' is an invalid float value
2026-06-18 10:54:02,739 WARNING pdfminer.pdfinterp Cannot set gray stroke color because /'P6' is an invalid float value
2026-06-18 10:54:02,755 WARNING pdfminer.pdfinterp Cannot set gray stroke color because /'P7' is an invalid float value
2026-06-18 10:54:02,836 WARNING pdfminer.pdfinterp Cannot set gray stroke color because /'P0' is an invalid float value
2026-06-18 10:54:02,840 WARNING pdfminer.pdfinterp Cannot set gray stroke color because /'P1' is an invalid float value
2026-06-18 10:54:02,843 WARNING pdfminer.pdfinterp Cannot set gray stroke color because /'P2' is an invalid float value
2026-06-18 10:54:05,268 WARNING pdfminer.pdfinterp Cannot set gray stroke color because /'P0' is an invalid float value
2026-06-18 10:54:05,269 WARNING pdfminer.pdfinterp Cannot set gray stroke color because /'P1' is an invalid float value
2026-06-18 10:54:05,410 WARNING pdfminer.pdfinterp Cannot set gray stroke color because /'P0' is an invalid float value
2026-06-18 10:54:05,411 WARNING pdfminer.pdfinterp Cannot set gray stroke color because /'P1' is an invalid float value
2026-06-18 10:54:05,529 WARNING pdfminer.pdfinterp Cannot set gray stroke color because /'P0' is an invalid float value
2026-06-18 10:54:05,529 WARNING pdfminer.pdfinterp Cannot set gray stroke color because /'P1' is an invalid float value
2026-06-18 10:54:09,873 WARNING pdfminer.pdfinterp Cannot set gray stroke color because /'P0' is an invalid float value
2026-06-18 10:54:12,125 WARNING pdfminer.pdfinterp Cannot set gray stroke color because /'P0' is an invalid float value
2026-06-18 10:54:12,126 WARNING pdfminer.pdfinterp Cannot set gray stroke color because /'P1' is an invalid float value
2026-06-18 10:54:12,831 WARNING pdfminer.pdfinterp Cannot set gray stroke color because /'P0' is an invalid float value
2026-06-18 10:54:12,832 WARNING pdfminer.pdfinterp Cannot set gray stroke color because /'P1' is an invalid float value
2026-06-18 10:54:12,935 WARNING pdfminer.pdfinterp Cannot set gray stroke color because /'P0' is an invalid float value
2026-06-18 10:54:12,935 WARNING pdfminer.pdfinterp Cannot set gray stroke color because /'P1' is an invalid float value
2026-06-18 10:54:13,221 WARNING pdfminer.pdfinterp Cannot set gray stroke color because /'P0' is an invalid float value
2026-06-18 10:54:13,222 WARNING pdfminer.pdfinterp Cannot set gray stroke color because /'P1' is an invalid float value
2026-06-18 10:54:25,676 WARNING pdfminer.pdfinterp Cannot set gray stroke color because /'P0' is an invalid float value
2026-06-18 10:54:25,677 WARNING pdfminer.pdfinterp Cannot set gray stroke color because /'P0' is an invalid float value
2026-06-18 10:54:25,682 WARNING pdfminer.pdfinterp Cannot set gray stroke color because /'P1' is an invalid float value
2026-06-18 10:54:25,686 WARNING pdfminer.pdfinterp Cannot set gray stroke color because /'P2' is an invalid float value
2026-06-18 10:54:25,690 WARNING pdfminer.pdfinterp Cannot set gray stroke color because /'P3' is an invalid float value
2026-06-18 10:54:25,695 WARNING pdfminer.pdfinterp Cannot set gray stroke color because /'P4' is an invalid float value
2026-06-18 10:54:25,700 WARNING pdfminer.pdfinterp Cannot set gray stroke color because /'P5' is an invalid float value
2026-06-18 10:54:25,705 WARNING pdfminer.pdfinterp Cannot set gray stroke color because /'P6' is an invalid float value
2026-06-18 10:54:25,711 WARNING pdfminer.pdfinterp Cannot set gray stroke color because /'P7' is an invalid float value
2026-06-18 10:54:25,717 WARNING pdfminer.pdfinterp Cannot set gray stroke color because /'P8' is an invalid float value
2026-06-18 10:54:25,722 WARNING pdfminer.pdfinterp Cannot set gray stroke color because /'P9' is an invalid float value
2026-06-18 10:54:25,729 WARNING pdfminer.pdfinterp Cannot set gray stroke color because /'P10' is an invalid float value
2026-06-18 10:54:25,734 WARNING pdfminer.pdfinterp Cannot set gray stroke color because /'P11' is an invalid float value
2026-06-18 10:54:25,740 WARNING pdfminer.pdfinterp Cannot set gray stroke color because /'P12' is an invalid float value
2026-06-18 10:54:25,746 WARNING pdfminer.pdfinterp Cannot set gray stroke color because /'P13' is an invalid float value
2026-06-18 10:54:25,752 WARNING pdfminer.pdfinterp Cannot set gray stroke color because /'P14' is an invalid float value
2026-06-18 10:54:25,756 WARNING pdfminer.pdfinterp Cannot set gray stroke color because /'P15' is an invalid float value
2026-06-18 10:54:25,760 WARNING pdfminer.pdfinterp Cannot set gray stroke color because /'P16' is an invalid float value
2026-06-18 10:54:25,767 WARNING pdfminer.pdfinterp Cannot set gray stroke color because /'P0' is an invalid float value
2026-06-18 10:54:25,775 WARNING pdfminer.pdfinterp Cannot set gray stroke color because /'P0' is an invalid float value
2026-06-18 10:54:26,067 WARNING pdfminer.pdfinterp Cannot set gray stroke color because /'P0' is an invalid float value
2026-06-18 10:54:26,068 WARNING pdfminer.pdfinterp Cannot set gray stroke color because /'P0' is an invalid float value
2026-06-18 10:54:26,072 WARNING pdfminer.pdfinterp Cannot set gray stroke color because /'P0' is an invalid float value
2026-06-18 10:54:26,074 WARNING pdfminer.pdfinterp Cannot set gray stroke color because /'P1' is an invalid float value
2026-06-18 10:54:26,078 WARNING pdfminer.pdfinterp Cannot set gray stroke color because /'P0' is an invalid float value
2026-06-18 10:54:26,081 WARNING pdfminer.pdfinterp Cannot set gray stroke color because /'P2' is an invalid float value
2026-06-18 10:54:26,086 WARNING pdfminer.pdfinterp Cannot set gray stroke color because /'P0' is an invalid float value
2026-06-18 10:54:26,088 WARNING pdfminer.pdfinterp Cannot set gray stroke color because /'P3' is an invalid float value
2026-06-18 10:54:26,089 WARNING pdfminer.pdfinterp Cannot set gray stroke color because /'P4' is an invalid float value
2026-06-18 10:54:26,091 WARNING pdfminer.pdfinterp Cannot set gray stroke color because /'P5' is an invalid float value
2026-06-18 10:54:26,092 WARNING pdfminer.pdfinterp Cannot set gray stroke color because /'P6' is an invalid float value
2026-06-18 10:54:26,093 WARNING pdfminer.pdfinterp Cannot set gray stroke color because /'P7' is an invalid float value
2026-06-18 10:54:26,094 WARNING pdfminer.pdfinterp Cannot set gray stroke color because /'P8' is an invalid float value
2026-06-18 10:54:26,095 WARNING pdfminer.pdfinterp Cannot set gray stroke color because /'P9' is an invalid float value
2026-06-18 10:54:26,096 WARNING pdfminer.pdfinterp Cannot set gray stroke color because /'P10' is an invalid float value
2026-06-18 10:54:26,098 WARNING pdfminer.pdfinterp Cannot set gray stroke color because /'P11' is an invalid float value
2026-06-18 10:54:26,102 WARNING pdfminer.pdfinterp Cannot set gray stroke color because /'P0' is an invalid float value
2026-06-18 10:54:26,105 WARNING pdfminer.pdfinterp Cannot set gray stroke color because /'P0' is an invalid float value
2026-06-18 10:54:26,107 WARNING pdfminer.pdfinterp Cannot set gray stroke color because /'P12' is an invalid float value
2026-06-18 10:54:26,113 WARNING pdfminer.pdfinterp Cannot set gray stroke color because /'P0' is an invalid float value
2026-06-18 10:54:26,114 WARNING pdfminer.pdfinterp Cannot set gray stroke color because /'P1' is an invalid float value
2026-06-18 10:54:26,117 WARNING pdfminer.pdfinterp Cannot set gray stroke color because /'P13' is an invalid float value
2026-06-18 10:54:26,121 WARNING pdfminer.pdfinterp Cannot set gray stroke color because /'P0' is an invalid float value
2026-06-18 10:54:26,123 WARNING pdfminer.pdfinterp Cannot set gray stroke color because /'P1' is an invalid float value
2026-06-18 10:54:26,125 WARNING pdfminer.pdfinterp Cannot set gray stroke color because /'P14' is an invalid float value
2026-06-18 10:54:43,277 WARNING pdfminer.pdfinterp Cannot set gray non-stroke color because /'P0' is an invalid float value
2026-06-18 11:01:17,269 INFO __main__ Starting ESG corpus pipeline
2026-06-18 11:01:18,487 WARNING pdfminer.pdfinterp Cannot set gray stroke color because /'P0' is an invalid float value
2026-06-18 11:01:58,059 WARNING pdfminer.pdfinterp Cannot set gray non-stroke color because /'P97' is an invalid float value
2026-06-18 11:01:58,059 WARNING pdfminer.pdfinterp Cannot set gray non-stroke color because /'P99' is an invalid float value
2026-06-18 11:01:58,059 WARNING pdfminer.pdfinterp Cannot set gray non-stroke color because /'P100' is an invalid float value
2026-06-18 11:01:58,060 WARNING pdfminer.pdfinterp Cannot set gray non-stroke color because /'P101' is an invalid float value
2026-06-18 11:01:58,060 WARNING pdfminer.pdfinterp Cannot set gray non-stroke color because /'P102' is an invalid float value
2026-06-18 11:01:58,061 WARNING pdfminer.pdfinterp Cannot set gray non-stroke color because /'P103' is an invalid float value
2026-06-18 11:01:58,061 WARNING pdfminer.pdfinterp Cannot set gray non-stroke color because /'P104' is an invalid float value
2026-06-18 11:01:58,061 WARNING pdfminer.pdfinterp Cannot set gray non-stroke color because /'P105' is an invalid float value
2026-06-18 11:01:58,062 WARNING pdfminer.pdfinterp Cannot set gray non-stroke color because /'P106' is an invalid float value
2026-06-18 11:01:58,062 WARNING pdfminer.pdfinterp Cannot set gray non-stroke color because /'P107' is an invalid float value
2026-06-18 11:01:58,062 WARNING pdfminer.pdfinterp Cannot set gray non-stroke color because /'P108' is an invalid float value
2026-06-18 11:01:58,062 WARNING pdfminer.pdfinterp Cannot set gray non-stroke color because /'P109' is an invalid float value
2026-06-18 11:01:58,063 WARNING pdfminer.pdfinterp Cannot set gray non-stroke color because /'P110' is an invalid float value
2026-06-18 11:01:58,063 WARNING pdfminer.pdfinterp Cannot set gray non-stroke color because /'P111' is an invalid float value
2026-06-18 11:01:58,063 WARNING pdfminer.pdfinterp Cannot set gray non-stroke color because /'P112' is an invalid float value
2026-06-18 11:01:58,063 WARNING pdfminer.pdfinterp Cannot set gray non-stroke color because /'P113' is an invalid float value
2026-06-18 11:01:58,063 WARNING pdfminer.pdfinterp Cannot set gray non-stroke color because /'P114' is an invalid float value
2026-06-18 11:01:58,064 WARNING pdfminer.pdfinterp Cannot set gray non-stroke color because /'P115' is an invalid float value
2026-06-18 11:01:58,064 WARNING pdfminer.pdfinterp Cannot set gray non-stroke color because /'P116' is an invalid float value
2026-06-18 11:01:58,065 WARNING pdfminer.pdfinterp Cannot set gray non-stroke color because /'P117' is an invalid float value
2026-06-18 11:01:58,066 WARNING pdfminer.pdfinterp Cannot set gray non-stroke color because /'P118' is an invalid float value
2026-06-18 11:01:58,067 WARNING pdfminer.pdfinterp Cannot set gray non-stroke color because /'P119' is an invalid float value
2026-06-18 11:01:58,067 WARNING pdfminer.pdfinterp Cannot set gray non-stroke color because /'P120' is an invalid float value
2026-06-18 11:01:58,067 WARNING pdfminer.pdfinterp Cannot set gray non-stroke color because /'P121' is an invalid float value
2026-06-18 11:01:58,068 WARNING pdfminer.pdfinterp Cannot set gray non-stroke color because /'P122' is an invalid float value
2026-06-18 11:01:58,069 WARNING pdfminer.pdfinterp Cannot set gray non-stroke color because /'P123' is an invalid float value
2026-06-18 11:01:58,069 WARNING pdfminer.pdfinterp Cannot set gray non-stroke color because /'P124' is an invalid float value
2026-06-18 11:01:58,070 WARNING pdfminer.pdfinterp Cannot set gray non-stroke color because /'P125' is an invalid float value
2026-06-18 11:01:58,070 WARNING pdfminer.pdfinterp Cannot set gray non-stroke color because /'P126' is an invalid float value
2026-06-18 11:01:58,071 WARNING pdfminer.pdfinterp Cannot set gray non-stroke color because /'P127' is an invalid float value
2026-06-18 11:01:58,071 WARNING pdfminer.pdfinterp Cannot set gray non-stroke color because /'P128' is an invalid float value
2026-06-18 11:01:58,071 WARNING pdfminer.pdfinterp Cannot set gray non-stroke color because /'P129' is an invalid float value
2026-06-18 11:01:58,071 WARNING pdfminer.pdfinterp Cannot set gray non-stroke color because /'P130' is an invalid float value
2026-06-18 11:01:58,072 WARNING pdfminer.pdfinterp Cannot set gray non-stroke color because /'P131' is an invalid float value
2026-06-18 11:01:58,072 WARNING pdfminer.pdfinterp Cannot set gray non-stroke color because /'P132' is an invalid float value
2026-06-18 11:01:58,072 WARNING pdfminer.pdfinterp Cannot set gray non-stroke color because /'P133' is an invalid float value
2026-06-18 11:01:58,072 WARNING pdfminer.pdfinterp Cannot set gray non-stroke color because /'P134' is an invalid float value
2026-06-18 11:01:58,072 WARNING pdfminer.pdfinterp Cannot set gray non-stroke color because /'P135' is an invalid float value
2026-06-18 11:01:58,073 WARNING pdfminer.pdfinterp Cannot set gray non-stroke color because /'P136' is an invalid float value
2026-06-18 11:01:58,073 WARNING pdfminer.pdfinterp Cannot set gray non-stroke color because /'P137' is an invalid float value
2026-06-18 11:01:58,073 WARNING pdfminer.pdfinterp Cannot set gray non-stroke color because /'P138' is an invalid float value
2026-06-18 11:01:58,073 WARNING pdfminer.pdfinterp Cannot set gray non-stroke color because /'P139' is an invalid float value
2026-06-18 11:01:58,073 WARNING pdfminer.pdfinterp Cannot set gray non-stroke color because /'P140' is an invalid float value
2026-06-18 11:01:58,073 WARNING pdfminer.pdfinterp Cannot set gray non-stroke color because /'P141' is an invalid float value
2026-06-18 11:01:58,074 WARNING pdfminer.pdfinterp Cannot set gray non-stroke color because /'P142' is an invalid float value
2026-06-18 11:01:58,074 WARNING pdfminer.pdfinterp Cannot set gray non-stroke color because /'P143' is an invalid float value
2026-06-18 11:01:58,074 WARNING pdfminer.pdfinterp Cannot set gray non-stroke color because /'P144' is an invalid float value
2026-06-18 11:01:58,074 WARNING pdfminer.pdfinterp Cannot set gray non-stroke color because /'P145' is an invalid float value
2026-06-18 11:01:58,075 WARNING pdfminer.pdfinterp Cannot set gray non-stroke color because /'P146' is an invalid float value
2026-06-18 11:01:58,075 WARNING pdfminer.pdfinterp Cannot set gray non-stroke color because /'P147' is an invalid float value
2026-06-18 11:01:58,076 WARNING pdfminer.pdfinterp Cannot set gray non-stroke color because /'P148' is an invalid float value
2026-06-18 11:01:58,076 WARNING pdfminer.pdfinterp Cannot set gray non-stroke color because /'P149' is an invalid float value
2026-06-18 11:01:58,076 WARNING pdfminer.pdfinterp Cannot set gray non-stroke color because /'P150' is an invalid float value
2026-06-18 11:01:58,076 WARNING pdfminer.pdfinterp Cannot set gray non-stroke color because /'P151' is an invalid float value
2026-06-18 11:01:58,077 WARNING pdfminer.pdfinterp Cannot set gray non-stroke color because /'P152' is an invalid float value
2026-06-18 11:01:58,077 WARNING pdfminer.pdfinterp Cannot set gray non-stroke color because /'P153' is an invalid float value
2026-06-18 11:01:58,077 WARNING pdfminer.pdfinterp Cannot set gray non-stroke color because /'P154' is an invalid float value
2026-06-18 11:01:58,077 WARNING pdfminer.pdfinterp Cannot set gray non-stroke color because /'P155' is an invalid float value
2026-06-18 11:01:58,077 WARNING pdfminer.pdfinterp Cannot set gray non-stroke color because /'P156' is an invalid float value
2026-06-18 11:01:58,078 WARNING pdfminer.pdfinterp Cannot set gray non-stroke color because /'P157' is an invalid float value
2026-06-18 11:01:58,078 WARNING pdfminer.pdfinterp Cannot set gray non-stroke color because /'P158' is an invalid float value
2026-06-18 11:01:58,078 WARNING pdfminer.pdfinterp Cannot set gray non-stroke color because /'P159' is an invalid float value
2026-06-18 11:01:58,078 WARNING pdfminer.pdfinterp Cannot set gray non-stroke color because /'P160' is an invalid float value
2026-06-18 11:01:58,078 WARNING pdfminer.pdfinterp Cannot set gray non-stroke color because /'P161' is an invalid float value
2026-06-18 11:01:58,078 WARNING pdfminer.pdfinterp Cannot set gray non-stroke color because /'P162' is an invalid float value
2026-06-18 11:01:58,079 WARNING pdfminer.pdfinterp Cannot set gray non-stroke color because /'P163' is an invalid float value
2026-06-18 11:01:58,079 WARNING pdfminer.pdfinterp Cannot set gray non-stroke color because /'P164' is an invalid float value
2026-06-18 11:01:58,079 WARNING pdfminer.pdfinterp Cannot set gray non-stroke color because /'P165' is an invalid float value
2026-06-18 11:01:58,079 WARNING pdfminer.pdfinterp Cannot set gray non-stroke color because /'P166' is an invalid float value
2026-06-18 11:01:58,080 WARNING pdfminer.pdfinterp Cannot set gray non-stroke color because /'P167' is an invalid float value
2026-06-18 11:01:58,080 WARNING pdfminer.pdfinterp Cannot set gray non-stroke color because /'P168' is an invalid float value
2026-06-18 11:01:58,080 WARNING pdfminer.pdfinterp Cannot set gray non-stroke color because /'P169' is an invalid float value
2026-06-18 11:01:58,081 WARNING pdfminer.pdfinterp Cannot set gray non-stroke color because /'P170' is an invalid float value
2026-06-18 11:01:58,081 WARNING pdfminer.pdfinterp Cannot set gray non-stroke color because /'P171' is an invalid float value
2026-06-18 11:01:58,081 WARNING pdfminer.pdfinterp Cannot set gray non-stroke color because /'P172' is an invalid float value
2026-06-18 11:01:58,081 WARNING pdfminer.pdfinterp Cannot set gray non-stroke color because /'P173' is an invalid float value
2026-06-18 11:01:58,082 WARNING pdfminer.pdfinterp Cannot set gray non-stroke color because /'P174' is an invalid float value
2026-06-18 11:01:58,082 WARNING pdfminer.pdfinterp Cannot set gray non-stroke color because /'P175' is an invalid float value
2026-06-18 11:01:58,082 WARNING pdfminer.pdfinterp Cannot set gray non-stroke color because /'P176' is an invalid float value
2026-06-18 11:01:58,082 WARNING pdfminer.pdfinterp Cannot set gray non-stroke color because /'P177' is an invalid float value
2026-06-18 11:01:58,083 WARNING pdfminer.pdfinterp Cannot set gray non-stroke color because /'P178' is an invalid float value
2026-06-18 11:01:58,084 WARNING pdfminer.pdfinterp Cannot set gray non-stroke color because /'P179' is an invalid float value
2026-06-18 11:01:58,085 WARNING pdfminer.pdfinterp Cannot set gray non-stroke color because /'P180' is an invalid float value
2026-06-18 11:01:58,086 WARNING pdfminer.pdfinterp Cannot set gray non-stroke color because /'P181' is an invalid float value
2026-06-18 11:01:58,086 WARNING pdfminer.pdfinterp Cannot set gray non-stroke color because /'P182' is an invalid float value
2026-06-18 11:01:58,087 WARNING pdfminer.pdfinterp Cannot set gray non-stroke color because /'P183' is an invalid float value
2026-06-18 11:01:58,087 WARNING pdfminer.pdfinterp Cannot set gray non-stroke color because /'P184' is an invalid float value
2026-06-18 11:01:58,087 WARNING pdfminer.pdfinterp Cannot set gray non-stroke color because /'P185' is an invalid float value
2026-06-18 11:01:58,087 WARNING pdfminer.pdfinterp Cannot set gray non-stroke color because /'P186' is an invalid float value
2026-06-18 11:01:58,088 WARNING pdfminer.pdfinterp Cannot set gray non-stroke color because /'P187' is an invalid float value
2026-06-18 11:01:58,088 WARNING pdfminer.pdfinterp Cannot set gray non-stroke color because /'P188' is an invalid float value
2026-06-18 11:01:58,088 WARNING pdfminer.pdfinterp Cannot set gray non-stroke color because /'P189' is an invalid float value
2026-06-18 11:01:58,502 WARNING pdfminer.pdfinterp Cannot set gray non-stroke color because /'P210' is an invalid float value
2026-06-18 11:01:58,502 WARNING pdfminer.pdfinterp Cannot set gray non-stroke color because /'P212' is an invalid float value
2026-06-18 11:01:58,503 WARNING pdfminer.pdfinterp Cannot set gray non-stroke color because /'P213' is an invalid float value
2026-06-18 11:01:58,503 WARNING pdfminer.pdfinterp Cannot set gray non-stroke color because /'P214' is an invalid float value
2026-06-18 11:01:58,503 WARNING pdfminer.pdfinterp Cannot set gray non-stroke color because /'P215' is an invalid float value
2026-06-18 11:01:58,504 WARNING pdfminer.pdfinterp Cannot set gray non-stroke color because /'P216' is an invalid float value
2026-06-18 11:01:58,504 WARNING pdfminer.pdfinterp Cannot set gray non-stroke color because /'P217' is an invalid float value
2026-06-18 11:01:58,504 WARNING pdfminer.pdfinterp Cannot set gray non-stroke color because /'P218' is an invalid float value
2026-06-18 11:01:58,504 WARNING pdfminer.pdfinterp Cannot set gray non-stroke color because /'P219' is an invalid float value
2026-06-18 11:01:58,505 WARNING pdfminer.pdfinterp Cannot set gray non-stroke color because /'P220' is an invalid float value
2026-06-18 11:01:58,505 WARNING pdfminer.pdfinterp Cannot set gray non-stroke color because /'P221' is an invalid float value
2026-06-18 11:01:58,505 WARNING pdfminer.pdfinterp Cannot set gray non-stroke color because /'P222' is an invalid float value
2026-06-18 11:01:58,505 WARNING pdfminer.pdfinterp Cannot set gray non-stroke color because /'P223' is an invalid float value
2026-06-18 11:01:58,506 WARNING pdfminer.pdfinterp Cannot set gray non-stroke color because /'P224' is an invalid float value
2026-06-18 11:01:58,506 WARNING pdfminer.pdfinterp Cannot set gray non-stroke color because /'P225' is an invalid float value
2026-06-18 11:01:58,506 WARNING pdfminer.pdfinterp Cannot set gray non-stroke color because /'P226' is an invalid float value
2026-06-18 11:01:58,506 WARNING pdfminer.pdfinterp Cannot set gray non-stroke color because /'P227' is an invalid float value
2026-06-18 11:01:58,506 WARNING pdfminer.pdfinterp Cannot set gray non-stroke color because /'P228' is an invalid float value
2026-06-18 11:01:58,506 WARNING pdfminer.pdfinterp Cannot set gray non-stroke color because /'P229' is an invalid float value
2026-06-18 11:01:58,507 WARNING pdfminer.pdfinterp Cannot set gray non-stroke color because /'P230' is an invalid float value
2026-06-18 11:01:58,507 WARNING pdfminer.pdfinterp Cannot set gray non-stroke color because /'P231' is an invalid float value
2026-06-18 11:01:58,507 WARNING pdfminer.pdfinterp Cannot set gray non-stroke color because /'P232' is an invalid float value
2026-06-18 11:01:58,507 WARNING pdfminer.pdfinterp Cannot set gray non-stroke color because /'P233' is an invalid float value
2026-06-18 11:01:58,508 WARNING pdfminer.pdfinterp Cannot set gray non-stroke color because /'P234' is an invalid float value
2026-06-18 11:01:58,508 WARNING pdfminer.pdfinterp Cannot set gray non-stroke color because /'P235' is an invalid float value
2026-06-18 11:01:58,964 WARNING pdfminer.pdfinterp Cannot set gray stroke color because /'P0' is an invalid float value
2026-06-18 11:01:58,965 WARNING pdfminer.pdfinterp Cannot set gray stroke color because /'P1' is an invalid float value
2026-06-18 11:01:58,965 WARNING pdfminer.pdfinterp Cannot set gray stroke color because /'P2' is an invalid float value
2026-06-18 11:01:58,966 WARNING pdfminer.pdfinterp Cannot set gray stroke color because /'P3' is an invalid float value
2026-06-18 11:01:58,966 WARNING pdfminer.pdfinterp Cannot set gray stroke color because /'P4' is an invalid float value
2026-06-18 11:01:59,534 WARNING pdfminer.pdfinterp Cannot set gray non-stroke color because /'P0' is an invalid float value
2026-06-18 11:01:59,538 WARNING pdfminer.pdfinterp Cannot set gray stroke color because /'P1' is an invalid float value
2026-06-18 11:01:59,597 WARNING pdfminer.pdfinterp Cannot set gray stroke color because /'P0' is an invalid float value
2026-06-18 11:01:59,597 WARNING pdfminer.pdfinterp Cannot set gray stroke color because /'P1' is an invalid float value
2026-06-18 11:01:59,598 WARNING pdfminer.pdfinterp Cannot set gray stroke color because /'P2' is an invalid float value
2026-06-18 11:01:59,599 WARNING pdfminer.pdfinterp Cannot set gray stroke color because /'P3' is an invalid float value
2026-06-18 11:01:59,600 WARNING pdfminer.pdfinterp Cannot set gray stroke color because /'P4' is an invalid float value
2026-06-18 11:01:59,601 WARNING pdfminer.pdfinterp Cannot set gray stroke color because /'P5' is an invalid float value
2026-06-18 11:01:59,601 WARNING pdfminer.pdfinterp Cannot set gray stroke color because /'P6' is an invalid float value
2026-06-18 11:01:59,602 WARNING pdfminer.pdfinterp Cannot set gray stroke color because /'P7' is an invalid float value
2026-06-18 11:01:59,602 WARNING pdfminer.pdfinterp Cannot set gray stroke color because /'P8' is an invalid float value
2026-06-18 11:01:59,603 WARNING pdfminer.pdfinterp Cannot set gray stroke color because /'P9' is an invalid float value
2026-06-18 11:01:59,603 WARNING pdfminer.pdfinterp Cannot set gray stroke color because /'P10' is an invalid float value
2026-06-18 11:01:59,604 WARNING pdfminer.pdfinterp Cannot set gray stroke color because /'P11' is an invalid float value
2026-06-18 11:01:59,604 WARNING pdfminer.pdfinterp Cannot set gray stroke color because /'P12' is an invalid float value
2026-06-18 11:01:59,605 WARNING pdfminer.pdfinterp Cannot set gray stroke color because /'P13' is an invalid float value
2026-06-18 11:01:59,606 WARNING pdfminer.pdfinterp Cannot set gray stroke color because /'P14' is an invalid float value
2026-06-18 11:01:59,606 WARNING pdfminer.pdfinterp Cannot set gray stroke color because /'P15' is an invalid float value
2026-06-18 11:01:59,606 WARNING pdfminer.pdfinterp Cannot set gray stroke color because /'P16' is an invalid float value
2026-06-18 11:01:59,607 WARNING pdfminer.pdfinterp Cannot set gray stroke color because /'P17' is an invalid float value
2026-06-18 11:01:59,608 WARNING pdfminer.pdfinterp Cannot set gray stroke color because /'P18' is an invalid float value
2026-06-18 11:01:59,609 WARNING pdfminer.pdfinterp Cannot set gray stroke color because /'P19' is an invalid float value
2026-06-18 11:01:59,610 WARNING pdfminer.pdfinterp Cannot set gray stroke color because /'P20' is an invalid float value
2026-06-18 11:01:59,611 WARNING pdfminer.pdfinterp Cannot set gray stroke color because /'P21' is an invalid float value
2026-06-18 11:01:59,611 WARNING pdfminer.pdfinterp Cannot set gray stroke color because /'P22' is an invalid float value
2026-06-18 11:01:59,612 WARNING pdfminer.pdfinterp Cannot set gray stroke color because /'P23' is an invalid float value
2026-06-18 11:01:59,612 WARNING pdfminer.pdfinterp Cannot set gray stroke color because /'P24' is an invalid float value
2026-06-18 11:01:59,613 WARNING pdfminer.pdfinterp Cannot set gray stroke color because /'P25' is an invalid float value
2026-06-18 11:01:59,613 WARNING pdfminer.pdfinterp Cannot set gray stroke color because /'P26' is an invalid float value
2026-06-18 11:01:59,614 WARNING pdfminer.pdfinterp Cannot set gray stroke color because /'P27' is an invalid float value
2026-06-18 11:01:59,614 WARNING pdfminer.pdfinterp Cannot set gray stroke color because /'P28' is an invalid float value
2026-06-18 11:01:59,615 WARNING pdfminer.pdfinterp Cannot set gray stroke color because /'P29' is an invalid float value
2026-06-18 11:01:59,616 WARNING pdfminer.pdfinterp Cannot set gray stroke color because /'P30' is an invalid float value
2026-06-18 11:01:59,621 WARNING pdfminer.pdfinterp Cannot set gray stroke color because /'P31' is an invalid float value
2026-06-18 11:01:59,622 WARNING pdfminer.pdfinterp Cannot set gray stroke color because /'P32' is an invalid float value
2026-06-18 11:01:59,624 WARNING pdfminer.pdfinterp Cannot set gray stroke color because /'P33' is an invalid float value
2026-06-18 11:01:59,624 WARNING pdfminer.pdfinterp Cannot set gray stroke color because /'P34' is an invalid float value
2026-06-18 11:01:59,625 WARNING pdfminer.pdfinterp Cannot set gray stroke color because /'P35' is an invalid float value
2026-06-18 11:01:59,625 WARNING pdfminer.pdfinterp Cannot set gray stroke color because /'P36' is an invalid float value
2026-06-18 11:01:59,626 WARNING pdfminer.pdfinterp Cannot set gray stroke color because /'P37' is an invalid float value
2026-06-18 11:01:59,626 WARNING pdfminer.pdfinterp Cannot set gray stroke color because /'P38' is an invalid float value
2026-06-18 11:01:59,627 WARNING pdfminer.pdfinterp Cannot set gray stroke color because /'P39' is an invalid float value
2026-06-18 11:01:59,628 WARNING pdfminer.pdfinterp Cannot set gray stroke color because /'P40' is an invalid float value
2026-06-18 11:01:59,629 WARNING pdfminer.pdfinterp Cannot set gray stroke color because /'P41' is an invalid float value
2026-06-18 11:01:59,631 WARNING pdfminer.pdfinterp Cannot set gray stroke color because /'P42' is an invalid float value
2026-06-18 11:01:59,633 WARNING pdfminer.pdfinterp Cannot set gray stroke color because /'P43' is an invalid float value
2026-06-18 11:01:59,635 WARNING pdfminer.pdfinterp Cannot set gray stroke color because /'P44' is an invalid float value
2026-06-18 11:01:59,638 WARNING pdfminer.pdfinterp Cannot set gray stroke color because /'P45' is an invalid float value
2026-06-18 11:01:59,639 WARNING pdfminer.pdfinterp Cannot set gray stroke color because /'P46' is an invalid float value
2026-06-18 11:01:59,719 WARNING pdfminer.pdfinterp Cannot set gray stroke color because /'P47' is an invalid float value
2026-06-18 11:01:59,761 WARNING pdfminer.pdfinterp Cannot set gray stroke color because /'P48' is an invalid float value
2026-06-18 11:01:59,870 WARNING pdfminer.pdfinterp Cannot set gray stroke color because /'P49' is an invalid float value
2026-06-18 11:01:59,961 WARNING pdfminer.pdfinterp Cannot set gray stroke color because /'P50' is an invalid float value
2026-06-18 11:02:00,072 WARNING pdfminer.pdfinterp Cannot set gray stroke color because /'P51' is an invalid float value
2026-06-18 11:02:00,161 WARNING pdfminer.pdfinterp Cannot set gray stroke color because /'P52' is an invalid float value
2026-06-18 11:02:00,268 WARNING pdfminer.pdfinterp Cannot set gray stroke color because /'P53' is an invalid float value
2026-06-18 11:02:00,355 WARNING pdfminer.pdfinterp Cannot set gray stroke color because /'P54' is an invalid float value
2026-06-18 11:02:00,444 WARNING pdfminer.pdfinterp Cannot set gray stroke color because /'P55' is an invalid float value
2026-06-18 11:02:00,562 WARNING pdfminer.pdfinterp Cannot set gray stroke color because /'P56' is an invalid float value
2026-06-18 11:02:00,669 WARNING pdfminer.pdfinterp Cannot set gray stroke color because /'P57' is an invalid float value
2026-06-18 11:02:00,786 WARNING pdfminer.pdfinterp Cannot set gray stroke color because /'P58' is an invalid float value
2026-06-18 11:02:00,880 WARNING pdfminer.pdfinterp Cannot set gray stroke color because /'P59' is an invalid float value
2026-06-18 11:02:00,976 WARNING pdfminer.pdfinterp Cannot set gray stroke color because /'P60' is an invalid float value
2026-06-18 11:02:01,094 WARNING pdfminer.pdfinterp Cannot set gray stroke color because /'P61' is an invalid float value
2026-06-18 11:02:01,185 WARNING pdfminer.pdfinterp Cannot set gray stroke color because /'P62' is an invalid float value
2026-06-18 11:02:01,300 WARNING pdfminer.pdfinterp Cannot set gray stroke color because /'P63' is an invalid float value
2026-06-18 11:02:01,390 WARNING pdfminer.pdfinterp Cannot set gray stroke color because /'P64' is an invalid float value
2026-06-18 11:02:01,478 WARNING pdfminer.pdfinterp Cannot set gray stroke color because /'P65' is an invalid float value
2026-06-18 11:02:01,586 WARNING pdfminer.pdfinterp Cannot set gray stroke color because /'P66' is an invalid float value
2026-06-18 11:02:01,679 WARNING pdfminer.pdfinterp Cannot set gray stroke color because /'P67' is an invalid float value
2026-06-18 11:02:01,680 WARNING pdfminer.pdfinterp Cannot set gray stroke color because /'P68' is an invalid float value
2026-06-18 11:02:01,680 WARNING pdfminer.pdfinterp Cannot set gray stroke color because /'P69' is an invalid float value
2026-06-18 11:02:01,680 WARNING pdfminer.pdfinterp Cannot set gray stroke color because /'P70' is an invalid float value
2026-06-18 11:02:01,681 WARNING pdfminer.pdfinterp Cannot set gray stroke color because /'P71' is an invalid float value
2026-06-18 11:02:02,656 WARNING pdfminer.pdfinterp Cannot set gray stroke color because /'P0' is an invalid float value
2026-06-18 11:02:02,657 WARNING pdfminer.pdfinterp Cannot set gray stroke color because /'P1' is an invalid float value
2026-06-18 11:02:02,658 WARNING pdfminer.pdfinterp Cannot set gray stroke color because /'P2' is an invalid float value
2026-06-18 11:02:02,659 WARNING pdfminer.pdfinterp Cannot set gray stroke color because /'P3' is an invalid float value
2026-06-18 11:02:02,659 WARNING pdfminer.pdfinterp Cannot set gray stroke color because /'P4' is an invalid float value
2026-06-18 11:02:02,660 WARNING pdfminer.pdfinterp Cannot set gray stroke color because /'P5' is an invalid float value
2026-06-18 11:02:02,661 WARNING pdfminer.pdfinterp Cannot set gray stroke color because /'P6' is an invalid float value
2026-06-18 11:02:02,662 WARNING pdfminer.pdfinterp Cannot set gray stroke color because /'P7' is an invalid float value
2026-06-18 11:02:02,662 WARNING pdfminer.pdfinterp Cannot set gray stroke color because /'P8' is an invalid float value
2026-06-18 11:02:02,663 WARNING pdfminer.pdfinterp Cannot set gray stroke color because /'P9' is an invalid float value
2026-06-18 11:02:02,664 WARNING pdfminer.pdfinterp Cannot set gray stroke color because /'P10' is an invalid float value
2026-06-18 11:02:02,664 WARNING pdfminer.pdfinterp Cannot set gray stroke color because /'P11' is an invalid float value
2026-06-18 11:02:02,665 WARNING pdfminer.pdfinterp Cannot set gray stroke color because /'P12' is an invalid float value
2026-06-18 11:02:02,666 WARNING pdfminer.pdfinterp Cannot set gray stroke color because /'P13' is an invalid float value
2026-06-18 11:02:02,667 WARNING pdfminer.pdfinterp Cannot set gray stroke color because /'P14' is an invalid float value
2026-06-18 11:02:02,669 WARNING pdfminer.pdfinterp Cannot set gray stroke color because /'P15' is an invalid float value
2026-06-18 11:02:02,669 WARNING pdfminer.pdfinterp Cannot set gray stroke color because /'P16' is an invalid float value
2026-06-18 11:02:02,670 WARNING pdfminer.pdfinterp Cannot set gray stroke color because /'P17' is an invalid float value
2026-06-18 11:02:02,671 WARNING pdfminer.pdfinterp Cannot set gray stroke color because /'P18' is an invalid float value
2026-06-18 11:02:02,673 WARNING pdfminer.pdfinterp Cannot set gray stroke color because /'P19' is an invalid float value
2026-06-18 11:02:02,675 WARNING pdfminer.pdfinterp Cannot set gray stroke color because /'P20' is an invalid float value
2026-06-18 11:02:02,677 WARNING pdfminer.pdfinterp Cannot set gray stroke color because /'P21' is an invalid float value
2026-06-18 11:02:02,678 WARNING pdfminer.pdfinterp Cannot set gray stroke color because /'P22' is an invalid float value
2026-06-18 11:02:02,679 WARNING pdfminer.pdfinterp Cannot set gray stroke color because /'P23' is an invalid float value
2026-06-18 11:02:02,680 WARNING pdfminer.pdfinterp Cannot set gray stroke color because /'P24' is an invalid float value
2026-06-18 11:02:02,680 WARNING pdfminer.pdfinterp Cannot set gray stroke color because /'P25' is an invalid float value
2026-06-18 11:02:02,681 WARNING pdfminer.pdfinterp Cannot set gray stroke color because /'P26' is an invalid float value
2026-06-18 11:02:02,682 WARNING pdfminer.pdfinterp Cannot set gray stroke color because /'P27' is an invalid float value
2026-06-18 11:02:02,682 WARNING pdfminer.pdfinterp Cannot set gray stroke color because /'P28' is an invalid float value
2026-06-18 11:02:02,683 WARNING pdfminer.pdfinterp Cannot set gray stroke color because /'P29' is an invalid float value
2026-06-18 11:02:02,684 WARNING pdfminer.pdfinterp Cannot set gray stroke color because /'P30' is an invalid float value
2026-06-18 11:02:02,685 WARNING pdfminer.pdfinterp Cannot set gray stroke color because /'P31' is an invalid float value
2026-06-18 11:02:02,686 WARNING pdfminer.pdfinterp Cannot set gray stroke color because /'P32' is an invalid float value
2026-06-18 11:02:02,687 WARNING pdfminer.pdfinterp Cannot set gray stroke color because /'P33' is an invalid float value
2026-06-18 11:02:02,688 WARNING pdfminer.pdfinterp Cannot set gray stroke color because /'P34' is an invalid float value
2026-06-18 11:02:02,689 WARNING pdfminer.pdfinterp Cannot set gray stroke color because /'P35' is an invalid float value
2026-06-18 11:02:02,689 WARNING pdfminer.pdfinterp Cannot set gray stroke color because /'P36' is an invalid float value
2026-06-18 11:02:02,690 WARNING pdfminer.pdfinterp Cannot set gray stroke color because /'P37' is an invalid float value
2026-06-18 11:02:02,691 WARNING pdfminer.pdfinterp Cannot set gray stroke color because /'P38' is an invalid float value
2026-06-18 11:02:02,691 WARNING pdfminer.pdfinterp Cannot set gray stroke color because /'P39' is an invalid float value
2026-06-18 11:02:02,692 WARNING pdfminer.pdfinterp Cannot set gray stroke color because /'P40' is an invalid float value
2026-06-18 11:02:02,692 WARNING pdfminer.pdfinterp Cannot set gray stroke color because /'P41' is an invalid float value
2026-06-18 11:02:02,693 WARNING pdfminer.pdfinterp Cannot set gray stroke color because /'P42' is an invalid float value
2026-06-18 11:02:02,694 WARNING pdfminer.pdfinterp Cannot set gray stroke color because /'P43' is an invalid float value
2026-06-18 11:02:02,694 WARNING pdfminer.pdfinterp Cannot set gray stroke color because /'P44' is an invalid float value
2026-06-18 11:02:02,695 WARNING pdfminer.pdfinterp Cannot set gray stroke color because /'P45' is an invalid float value
2026-06-18 11:02:02,696 WARNING pdfminer.pdfinterp Cannot set gray stroke color because /'P46' is an invalid float value
2026-06-18 11:02:02,696 WARNING pdfminer.pdfinterp Cannot set gray stroke color because /'P47' is an invalid float value
2026-06-18 11:02:02,697 WARNING pdfminer.pdfinterp Cannot set gray stroke color because /'P48' is an invalid float value
2026-06-18 11:02:02,698 WARNING pdfminer.pdfinterp Cannot set gray stroke color because /'P49' is an invalid float value
2026-06-18 11:02:02,699 WARNING pdfminer.pdfinterp Cannot set gray stroke color because /'P50' is an invalid float value
2026-06-18 11:02:02,699 WARNING pdfminer.pdfinterp Cannot set gray stroke color because /'P51' is an invalid float value
2026-06-18 11:02:02,700 WARNING pdfminer.pdfinterp Cannot set gray stroke color because /'P52' is an invalid float value
2026-06-18 11:02:02,701 WARNING pdfminer.pdfinterp Cannot set gray stroke color because /'P53' is an invalid float value
2026-06-18 11:02:02,702 WARNING pdfminer.pdfinterp Cannot set gray stroke color because /'P54' is an invalid float value
2026-06-18 11:02:02,703 WARNING pdfminer.pdfinterp Cannot set gray stroke color because /'P55' is an invalid float value
2026-06-18 11:02:02,704 WARNING pdfminer.pdfinterp Cannot set gray stroke color because /'P56' is an invalid float value
2026-06-18 11:02:02,706 WARNING pdfminer.pdfinterp Cannot set gray stroke color because /'P57' is an invalid float value
2026-06-18 11:02:02,706 WARNING pdfminer.pdfinterp Cannot set gray stroke color because /'P58' is an invalid float value
2026-06-18 11:02:02,707 WARNING pdfminer.pdfinterp Cannot set gray stroke color because /'P59' is an invalid float value
2026-06-18 11:02:02,708 WARNING pdfminer.pdfinterp Cannot set gray stroke color because /'P60' is an invalid float value
2026-06-18 11:02:02,709 WARNING pdfminer.pdfinterp Cannot set gray stroke color because /'P61' is an invalid float value
2026-06-18 11:02:02,710 WARNING pdfminer.pdfinterp Cannot set gray stroke color because /'P62' is an invalid float value
2026-06-18 11:02:02,711 WARNING pdfminer.pdfinterp Cannot set gray stroke color because /'P63' is an invalid float value
2026-06-18 11:02:02,712 WARNING pdfminer.pdfinterp Cannot set gray stroke color because /'P64' is an invalid float value
2026-06-18 11:02:02,712 WARNING pdfminer.pdfinterp Cannot set gray stroke color because /'P65' is an invalid float value
2026-06-18 11:02:02,713 WARNING pdfminer.pdfinterp Cannot set gray stroke color because /'P66' is an invalid float value
2026-06-18 11:02:02,713 WARNING pdfminer.pdfinterp Cannot set gray stroke color because /'P67' is an invalid float value
2026-06-18 11:02:02,714 WARNING pdfminer.pdfinterp Cannot set gray stroke color because /'P68' is an invalid float value
2026-06-18 11:02:02,714 WARNING pdfminer.pdfinterp Cannot set gray stroke color because /'P69' is an invalid float value
2026-06-18 11:02:02,715 WARNING pdfminer.pdfinterp Cannot set gray stroke color because /'P70' is an invalid float value
2026-06-18 11:02:02,716 WARNING pdfminer.pdfinterp Cannot set gray stroke color because /'P71' is an invalid float value
2026-06-18 11:02:02,717 WARNING pdfminer.pdfinterp Cannot set gray stroke color because /'P72' is an invalid float value
2026-06-18 11:02:02,719 WARNING pdfminer.pdfinterp Cannot set gray stroke color because /'P73' is an invalid float value
2026-06-18 11:02:02,719 WARNING pdfminer.pdfinterp Cannot set gray stroke color because /'P74' is an invalid float value
2026-06-18 11:02:02,720 WARNING pdfminer.pdfinterp Cannot set gray stroke color because /'P75' is an invalid float value
2026-06-18 11:02:02,720 WARNING pdfminer.pdfinterp Cannot set gray stroke color because /'P76' is an invalid float value
2026-06-18 11:02:02,721 WARNING pdfminer.pdfinterp Cannot set gray stroke color because /'P77' is an invalid float value
2026-06-18 11:02:02,722 WARNING pdfminer.pdfinterp Cannot set gray stroke color because /'P78' is an invalid float value
2026-06-18 11:02:02,722 WARNING pdfminer.pdfinterp Cannot set gray stroke color because /'P79' is an invalid float value
2026-06-18 11:02:02,723 WARNING pdfminer.pdfinterp Cannot set gray stroke color because /'P80' is an invalid float value
2026-06-18 11:02:02,723 WARNING pdfminer.pdfinterp Cannot set gray stroke color because /'P81' is an invalid float value
2026-06-18 11:02:02,724 WARNING pdfminer.pdfinterp Cannot set gray stroke color because /'P82' is an invalid float value
2026-06-18 11:02:02,725 WARNING pdfminer.pdfinterp Cannot set gray stroke color because /'P83' is an invalid float value
2026-06-18 11:02:02,725 WARNING pdfminer.pdfinterp Cannot set gray stroke color because /'P84' is an invalid float value
2026-06-18 11:02:02,726 WARNING pdfminer.pdfinterp Cannot set gray stroke color because /'P85' is an invalid float value
2026-06-18 11:02:02,727 WARNING pdfminer.pdfinterp Cannot set gray stroke color because /'P86' is an invalid float value
2026-06-18 11:02:02,727 WARNING pdfminer.pdfinterp Cannot set gray stroke color because /'P87' is an invalid float value
2026-06-18 11:02:02,728 WARNING pdfminer.pdfinterp Cannot set gray stroke color because /'P88' is an invalid float value
2026-06-18 11:02:02,728 WARNING pdfminer.pdfinterp Cannot set gray stroke color because /'P89' is an invalid float value
2026-06-18 11:02:02,729 WARNING pdfminer.pdfinterp Cannot set gray stroke color because /'P90' is an invalid float value
2026-06-18 11:02:02,730 WARNING pdfminer.pdfinterp Cannot set gray stroke color because /'P91' is an invalid float value
2026-06-18 11:02:02,730 WARNING pdfminer.pdfinterp Cannot set gray stroke color because /'P92' is an invalid float value
2026-06-18 11:02:02,731 WARNING pdfminer.pdfinterp Cannot set gray stroke color because /'P93' is an invalid float value
2026-06-18 11:02:02,732 WARNING pdfminer.pdfinterp Cannot set gray stroke color because /'P94' is an invalid float value
2026-06-18 11:02:02,732 WARNING pdfminer.pdfinterp Cannot set gray stroke color because /'P95' is an invalid float value
2026-06-18 11:02:02,733 WARNING pdfminer.pdfinterp Cannot set gray stroke color because /'P96' is an invalid float value
2026-06-18 11:02:02,734 WARNING pdfminer.pdfinterp Cannot set gray stroke color because /'P97' is an invalid float value
2026-06-18 11:02:02,735 WARNING pdfminer.pdfinterp Cannot set gray stroke color because /'P98' is an invalid float value
2026-06-18 11:02:02,735 WARNING pdfminer.pdfinterp Cannot set gray stroke color because /'P99' is an invalid float value
2026-06-18 11:02:02,736 WARNING pdfminer.pdfinterp Cannot set gray stroke color because /'P100' is an invalid float value
2026-06-18 11:02:02,737 WARNING pdfminer.pdfinterp Cannot set gray stroke color because /'P101' is an invalid float value
2026-06-18 11:02:02,738 WARNING pdfminer.pdfinterp Cannot set gray stroke color because /'P102' is an invalid float value
2026-06-18 11:02:02,738 WARNING pdfminer.pdfinterp Cannot set gray stroke color because /'P103' is an invalid float value
2026-06-18 11:02:02,739 WARNING pdfminer.pdfinterp Cannot set gray stroke color because /'P104' is an invalid float value
2026-06-18 11:02:02,740 WARNING pdfminer.pdfinterp Cannot set gray stroke color because /'P105' is an invalid float value
2026-06-18 11:02:02,740 WARNING pdfminer.pdfinterp Cannot set gray stroke color because /'P106' is an invalid float value
2026-06-18 11:02:02,741 WARNING pdfminer.pdfinterp Cannot set gray stroke color because /'P107' is an invalid float value
2026-06-18 11:02:02,741 WARNING pdfminer.pdfinterp Cannot set gray stroke color because /'P108' is an invalid float value
2026-06-18 11:02:02,742 WARNING pdfminer.pdfinterp Cannot set gray stroke color because /'P109' is an invalid float value
2026-06-18 11:02:02,743 WARNING pdfminer.pdfinterp Cannot set gray stroke color because /'P110' is an invalid float value
2026-06-18 11:02:02,743 WARNING pdfminer.pdfinterp Cannot set gray stroke color because /'P111' is an invalid float value
2026-06-18 11:02:02,744 WARNING pdfminer.pdfinterp Cannot set gray stroke color because /'P112' is an invalid float value
2026-06-18 11:02:02,745 WARNING pdfminer.pdfinterp Cannot set gray stroke color because /'P113' is an invalid float value
2026-06-18 11:02:02,745 WARNING pdfminer.pdfinterp Cannot set gray stroke color because /'P114' is an invalid float value
2026-06-18 11:02:02,746 WARNING pdfminer.pdfinterp Cannot set gray stroke color because /'P115' is an invalid float value
2026-06-18 11:02:02,747 WARNING pdfminer.pdfinterp Cannot set gray stroke color because /'P116' is an invalid float value
2026-06-18 11:02:02,748 WARNING pdfminer.pdfinterp Cannot set gray stroke color because /'P117' is an invalid float value
2026-06-18 11:02:02,748 WARNING pdfminer.pdfinterp Cannot set gray stroke color because /'P118' is an invalid float value
2026-06-18 11:02:02,749 WARNING pdfminer.pdfinterp Cannot set gray stroke color because /'P119' is an invalid float value
2026-06-18 11:02:02,750 WARNING pdfminer.pdfinterp Cannot set gray stroke color because /'P120' is an invalid float value
2026-06-18 11:02:02,751 WARNING pdfminer.pdfinterp Cannot set gray stroke color because /'P121' is an invalid float value
2026-06-18 11:02:02,752 WARNING pdfminer.pdfinterp Cannot set gray stroke color because /'P122' is an invalid float value
2026-06-18 11:02:02,753 WARNING pdfminer.pdfinterp Cannot set gray stroke color because /'P123' is an invalid float value
2026-06-18 11:02:02,754 WARNING pdfminer.pdfinterp Cannot set gray stroke color because /'P124' is an invalid float value
2026-06-18 11:02:02,755 WARNING pdfminer.pdfinterp Cannot set gray stroke color because /'P125' is an invalid float value
2026-06-18 11:02:02,756 WARNING pdfminer.pdfinterp Cannot set gray stroke color because /'P126' is an invalid float value
2026-06-18 11:02:02,757 WARNING pdfminer.pdfinterp Cannot set gray stroke color because /'P127' is an invalid float value
2026-06-18 11:02:02,758 WARNING pdfminer.pdfinterp Cannot set gray stroke color because /'P128' is an invalid float value
2026-06-18 11:02:02,759 WARNING pdfminer.pdfinterp Cannot set gray stroke color because /'P129' is an invalid float value
2026-06-18 11:02:02,760 WARNING pdfminer.pdfinterp Cannot set gray stroke color because /'P130' is an invalid float value
2026-06-18 11:02:02,761 WARNING pdfminer.pdfinterp Cannot set gray stroke color because /'P131' is an invalid float value
2026-06-18 11:02:02,762 WARNING pdfminer.pdfinterp Cannot set gray stroke color because /'P132' is an invalid float value
2026-06-18 11:02:02,763 WARNING pdfminer.pdfinterp Cannot set gray stroke color because /'P133' is an invalid float value
2026-06-18 11:02:02,764 WARNING pdfminer.pdfinterp Cannot set gray stroke color because /'P134' is an invalid float value
2026-06-18 11:02:02,764 WARNING pdfminer.pdfinterp Cannot set gray stroke color because /'P135' is an invalid float value
2026-06-18 11:02:02,764 WARNING pdfminer.pdfinterp Cannot set gray stroke color because /'P136' is an invalid float value
2026-06-18 11:02:02,765 WARNING pdfminer.pdfinterp Cannot set gray stroke color because /'P137' is an invalid float value
2026-06-18 11:02:02,765 WARNING pdfminer.pdfinterp Cannot set gray stroke color because /'P138' is an invalid float value
2026-06-18 11:02:02,767 WARNING pdfminer.pdfinterp Cannot set gray stroke color because /'P139' is an invalid float value
2026-06-18 11:02:02,770 WARNING pdfminer.pdfinterp Cannot set gray stroke color because /'P140' is an invalid float value
2026-06-18 11:02:02,770 WARNING pdfminer.pdfinterp Cannot set gray stroke color because /'P141' is an invalid float value
2026-06-18 11:02:02,772 WARNING pdfminer.pdfinterp Cannot set gray stroke color because /'P142' is an invalid float value
2026-06-18 11:02:02,774 WARNING pdfminer.pdfinterp Cannot set gray stroke color because /'P143' is an invalid float value
2026-06-18 11:02:02,776 WARNING pdfminer.pdfinterp Cannot set gray stroke color because /'P144' is an invalid float value
2026-06-18 11:02:02,777 WARNING pdfminer.pdfinterp Cannot set gray stroke color because /'P145' is an invalid float value
2026-06-18 11:02:02,778 WARNING pdfminer.pdfinterp Cannot set gray stroke color because /'P146' is an invalid float value
2026-06-18 11:02:02,779 WARNING pdfminer.pdfinterp Cannot set gray stroke color because /'P147' is an invalid float value
2026-06-18 11:02:02,781 WARNING pdfminer.pdfinterp Cannot set gray stroke color because /'P148' is an invalid float value
2026-06-18 11:02:02,783 WARNING pdfminer.pdfinterp Cannot set gray stroke color because /'P149' is an invalid float value
2026-06-18 11:02:02,785 WARNING pdfminer.pdfinterp Cannot set gray stroke color because /'P150' is an invalid float value
2026-06-18 11:02:02,787 WARNING pdfminer.pdfinterp Cannot set gray stroke color because /'P151' is an invalid float value
2026-06-18 11:02:02,789 WARNING pdfminer.pdfinterp Cannot set gray stroke color because /'P152' is an invalid float value
2026-06-18 11:02:02,792 WARNING pdfminer.pdfinterp Cannot set gray stroke color because /'P153' is an invalid float value
2026-06-18 11:02:02,793 WARNING pdfminer.pdfinterp Cannot set gray stroke color because /'P154' is an invalid float value
2026-06-18 11:02:02,851 WARNING pdfminer.pdfinterp Cannot set gray stroke color because /'P155' is an invalid float value
2026-06-18 11:02:03,018 WARNING pdfminer.pdfinterp Cannot set gray stroke color because /'P156' is an invalid float value
2026-06-18 11:02:03,140 WARNING pdfminer.pdfinterp Cannot set gray stroke color because /'P157' is an invalid float value
2026-06-18 11:02:03,252 WARNING pdfminer.pdfinterp Cannot set gray stroke color because /'P158' is an invalid float value
2026-06-18 11:02:03,342 WARNING pdfminer.pdfinterp Cannot set gray stroke color because /'P159' is an invalid float value
2026-06-18 11:02:03,421 WARNING pdfminer.pdfinterp Cannot set gray stroke color because /'P160' is an invalid float value
2026-06-18 11:02:03,575 WARNING pdfminer.pdfinterp Cannot set gray stroke color because /'P161' is an invalid float value
2026-06-18 11:02:03,646 WARNING pdfminer.pdfinterp Cannot set gray stroke color because /'P162' is an invalid float value
2026-06-18 11:02:03,746 WARNING pdfminer.pdfinterp Cannot set gray stroke color because /'P163' is an invalid float value
2026-06-18 11:02:03,833 WARNING pdfminer.pdfinterp Cannot set gray stroke color because /'P164' is an invalid float value
2026-06-18 11:02:03,895 WARNING pdfminer.pdfinterp Cannot set gray stroke color because /'P165' is an invalid float value
2026-06-18 11:02:03,972 WARNING pdfminer.pdfinterp Cannot set gray stroke color because /'P166' is an invalid float value
2026-06-18 11:02:04,151 WARNING pdfminer.pdfinterp Cannot set gray stroke color because /'P167' is an invalid float value
2026-06-18 11:02:04,220 WARNING pdfminer.pdfinterp Cannot set gray stroke color because /'P168' is an invalid float value
2026-06-18 11:02:04,302 WARNING pdfminer.pdfinterp Cannot set gray stroke color because /'P169' is an invalid float value
2026-06-18 11:02:04,411 WARNING pdfminer.pdfinterp Cannot set gray stroke color because /'P170' is an invalid float value
2026-06-18 11:02:04,471 WARNING pdfminer.pdfinterp Cannot set gray stroke color because /'P171' is an invalid float value
2026-06-18 11:02:04,591 WARNING pdfminer.pdfinterp Cannot set gray stroke color because /'P172' is an invalid float value
2026-06-18 11:02:04,738 WARNING pdfminer.pdfinterp Cannot set gray stroke color because /'P173' is an invalid float value
2026-06-18 11:02:04,844 WARNING pdfminer.pdfinterp Cannot set gray stroke color because /'P174' is an invalid float value
2026-06-18 11:02:04,927 WARNING pdfminer.pdfinterp Cannot set gray stroke color because /'P175' is an invalid float value
2026-06-18 11:02:05,069 WARNING pdfminer.pdfinterp Cannot set gray stroke color because /'P176' is an invalid float value
2026-06-18 11:02:05,259 WARNING pdfminer.pdfinterp Cannot set gray stroke color because /'P177' is an invalid float value
2026-06-18 11:02:05,351 WARNING pdfminer.pdfinterp Cannot set gray stroke color because /'P178' is an invalid float value
2026-06-18 11:02:05,425 WARNING pdfminer.pdfinterp Cannot set gray stroke color because /'P179' is an invalid float value
2026-06-18 11:02:05,527 WARNING pdfminer.pdfinterp Cannot set gray stroke color because /'P180' is an invalid float value
2026-06-18 11:02:05,628 WARNING pdfminer.pdfinterp Cannot set gray stroke color because /'P181' is an invalid float value
2026-06-18 11:02:05,702 WARNING pdfminer.pdfinterp Cannot set gray stroke color because /'P182' is an invalid float value
2026-06-18 11:02:05,844 WARNING pdfminer.pdfinterp Cannot set gray stroke color because /'P183' is an invalid float value
2026-06-18 11:02:05,917 WARNING pdfminer.pdfinterp Cannot set gray stroke color because /'P184' is an invalid float value
2026-06-18 11:02:05,980 WARNING pdfminer.pdfinterp Cannot set gray stroke color because /'P185' is an invalid float value
2026-06-18 11:02:06,043 WARNING pdfminer.pdfinterp Cannot set gray stroke color because /'P186' is an invalid float value
2026-06-18 11:02:06,141 WARNING pdfminer.pdfinterp Cannot set gray stroke color because /'P187' is an invalid float value
2026-06-18 11:02:06,214 WARNING pdfminer.pdfinterp Cannot set gray stroke color because /'P188' is an invalid float value
2026-06-18 11:02:06,286 WARNING pdfminer.pdfinterp Cannot set gray stroke color because /'P189' is an invalid float value
2026-06-18 11:02:06,391 WARNING pdfminer.pdfinterp Cannot set gray stroke color because /'P190' is an invalid float value
2026-06-18 11:02:06,543 WARNING pdfminer.pdfinterp Cannot set gray stroke color because /'P191' is an invalid float value
2026-06-18 11:02:06,633 WARNING pdfminer.pdfinterp Cannot set gray stroke color because /'P192' is an invalid float value
2026-06-18 11:02:06,720 WARNING pdfminer.pdfinterp Cannot set gray stroke color because /'P193' is an invalid float value
2026-06-18 11:02:06,800 WARNING pdfminer.pdfinterp Cannot set gray stroke color because /'P194' is an invalid float value
2026-06-18 11:02:06,944 WARNING pdfminer.pdfinterp Cannot set gray stroke color because /'P195' is an invalid float value
2026-06-18 11:02:07,027 WARNING pdfminer.pdfinterp Cannot set gray stroke color because /'P196' is an invalid float value
2026-06-18 11:02:07,097 WARNING pdfminer.pdfinterp Cannot set gray stroke color because /'P197' is an invalid float value
2026-06-18 11:02:07,181 WARNING pdfminer.pdfinterp Cannot set gray stroke color because /'P198' is an invalid float value
2026-06-18 11:02:07,267 WARNING pdfminer.pdfinterp Cannot set gray stroke color because /'P199' is an invalid float value
2026-06-18 11:02:07,342 WARNING pdfminer.pdfinterp Cannot set gray stroke color because /'P200' is an invalid float value
2026-06-18 11:02:07,423 WARNING pdfminer.pdfinterp Cannot set gray stroke color because /'P201' is an invalid float value
2026-06-18 11:02:07,544 WARNING pdfminer.pdfinterp Cannot set gray stroke color because /'P202' is an invalid float value
2026-06-18 11:02:07,622 WARNING pdfminer.pdfinterp Cannot set gray stroke color because /'P203' is an invalid float value
2026-06-18 11:02:07,719 WARNING pdfminer.pdfinterp Cannot set gray stroke color because /'P204' is an invalid float value
2026-06-18 11:02:07,822 WARNING pdfminer.pdfinterp Cannot set gray stroke color because /'P205' is an invalid float value
2026-06-18 11:02:07,933 WARNING pdfminer.pdfinterp Cannot set gray stroke color because /'P206' is an invalid float value
2026-06-18 11:02:08,105 WARNING pdfminer.pdfinterp Cannot set gray stroke color because /'P207' is an invalid float value
2026-06-18 11:02:08,206 WARNING pdfminer.pdfinterp Cannot set gray stroke color because /'P208' is an invalid float value
2026-06-18 11:02:08,350 WARNING pdfminer.pdfinterp Cannot set gray stroke color because /'P209' is an invalid float value
2026-06-18 11:02:08,556 WARNING pdfminer.pdfinterp Cannot set gray stroke color because /'P210' is an invalid float value
2026-06-18 11:02:08,698 WARNING pdfminer.pdfinterp Cannot set gray stroke color because /'P211' is an invalid float value
2026-06-18 11:02:08,909 WARNING pdfminer.pdfinterp Cannot set gray stroke color because /'P212' is an invalid float value
2026-06-18 11:02:09,057 WARNING pdfminer.pdfinterp Cannot set gray stroke color because /'P213' is an invalid float value
2026-06-18 11:02:09,210 WARNING pdfminer.pdfinterp Cannot set gray stroke color because /'P214' is an invalid float value
2026-06-18 11:02:09,454 WARNING pdfminer.pdfinterp Cannot set gray stroke color because /'P215' is an invalid float value
2026-06-18 11:02:09,611 WARNING pdfminer.pdfinterp Cannot set gray stroke color because /'P216' is an invalid float value
2026-06-18 11:02:09,845 WARNING pdfminer.pdfinterp Cannot set gray stroke color because /'P217' is an invalid float value
2026-06-18 11:02:09,986 WARNING pdfminer.pdfinterp Cannot set gray stroke color because /'P218' is an invalid float value
2026-06-18 11:02:10,205 WARNING pdfminer.pdfinterp Cannot set gray stroke color because /'P219' is an invalid float value
2026-06-18 11:02:10,350 WARNING pdfminer.pdfinterp Cannot set gray stroke color because /'P220' is an invalid float value
2026-06-18 11:02:10,497 WARNING pdfminer.pdfinterp Cannot set gray stroke color because /'P221' is an invalid float value
2026-06-18 11:02:10,725 WARNING pdfminer.pdfinterp Cannot set gray stroke color because /'P222' is an invalid float value
2026-06-18 11:02:10,868 WARNING pdfminer.pdfinterp Cannot set gray stroke color because /'P223' is an invalid float value
2026-06-18 11:02:11,104 WARNING pdfminer.pdfinterp Cannot set gray stroke color because /'P224' is an invalid float value
2026-06-18 11:02:11,260 WARNING pdfminer.pdfinterp Cannot set gray stroke color because /'P225' is an invalid float value
2026-06-18 11:02:11,416 WARNING pdfminer.pdfinterp Cannot set gray stroke color because /'P226' is an invalid float value
2026-06-18 11:02:11,636 WARNING pdfminer.pdfinterp Cannot set gray stroke color because /'P227' is an invalid float value
2026-06-18 11:02:11,774 WARNING pdfminer.pdfinterp Cannot set gray stroke color because /'P228' is an invalid float value
2026-06-18 11:02:12,024 WARNING pdfminer.pdfinterp Cannot set gray stroke color because /'P229' is an invalid float value
2026-06-18 11:02:12,169 WARNING pdfminer.pdfinterp Cannot set gray stroke color because /'P230' is an invalid float value
2026-06-18 11:02:12,324 WARNING pdfminer.pdfinterp Cannot set gray stroke color because /'P231' is an invalid float value
2026-06-18 11:02:12,546 WARNING pdfminer.pdfinterp Cannot set gray stroke color because /'P232' is an invalid float value
2026-06-18 11:02:12,686 WARNING pdfminer.pdfinterp Cannot set gray stroke color because /'P233' is an invalid float value
2026-06-18 11:02:12,925 WARNING pdfminer.pdfinterp Cannot set gray stroke color because /'P234' is an invalid float value
2026-06-18 11:02:13,059 WARNING pdfminer.pdfinterp Cannot set gray stroke color because /'P235' is an invalid float value
2026-06-18 11:02:13,219 WARNING pdfminer.pdfinterp Cannot set gray stroke color because /'P236' is an invalid float value
2026-06-18 11:02:13,439 WARNING pdfminer.pdfinterp Cannot set gray stroke color because /'P237' is an invalid float value
2026-06-18 11:02:13,590 WARNING pdfminer.pdfinterp Cannot set gray stroke color because /'P238' is an invalid float value
2026-06-18 11:02:13,836 WARNING pdfminer.pdfinterp Cannot set gray stroke color because /'P239' is an invalid float value
2026-06-18 11:02:13,974 WARNING pdfminer.pdfinterp Cannot set gray stroke color because /'P240' is an invalid float value
2026-06-18 11:02:14,123 WARNING pdfminer.pdfinterp Cannot set gray stroke color because /'P241' is an invalid float value
2026-06-18 11:02:14,351 WARNING pdfminer.pdfinterp Cannot set gray stroke color because /'P242' is an invalid float value
2026-06-18 11:02:14,496 WARNING pdfminer.pdfinterp Cannot set gray stroke color because /'P243' is an invalid float value
2026-06-18 11:02:14,737 WARNING pdfminer.pdfinterp Cannot set gray stroke color because /'P244' is an invalid float value
2026-06-18 11:02:14,874 WARNING pdfminer.pdfinterp Cannot set gray stroke color because /'P245' is an invalid float value
2026-06-18 11:02:15,012 WARNING pdfminer.pdfinterp Cannot set gray stroke color because /'P246' is an invalid float value
2026-06-18 11:02:15,270 WARNING pdfminer.pdfinterp Cannot set gray stroke color because /'P247' is an invalid float value
2026-06-18 11:02:15,414 WARNING pdfminer.pdfinterp Cannot set gray stroke color because /'P248' is an invalid float value
2026-06-18 11:02:15,656 WARNING pdfminer.pdfinterp Cannot set gray stroke color because /'P249' is an invalid float value
2026-06-18 11:02:15,805 WARNING pdfminer.pdfinterp Cannot set gray stroke color because /'P250' is an invalid float value
2026-06-18 11:02:15,954 WARNING pdfminer.pdfinterp Cannot set gray stroke color because /'P251' is an invalid float value
2026-06-18 11:02:16,195 WARNING pdfminer.pdfinterp Cannot set gray stroke color because /'P252' is an invalid float value
2026-06-18 11:02:16,281 WARNING pdfminer.pdfinterp Cannot set gray stroke color because /'P253' is an invalid float value
2026-06-18 11:02:16,506 WARNING pdfminer.pdfinterp Cannot set gray stroke color because /'P254' is an invalid float value
2026-06-18 11:02:16,658 WARNING pdfminer.pdfinterp Cannot set gray stroke color because /'P255' is an invalid float value
2026-06-18 11:02:16,793 WARNING pdfminer.pdfinterp Cannot set gray stroke color because /'P256' is an invalid float value
2026-06-18 11:02:17,071 WARNING pdfminer.pdfinterp Cannot set gray stroke color because /'P257' is an invalid float value
2026-06-18 11:02:17,204 WARNING pdfminer.pdfinterp Cannot set gray stroke color because /'P258' is an invalid float value
2026-06-18 11:02:17,340 WARNING pdfminer.pdfinterp Cannot set gray stroke color because /'P259' is an invalid float value
2026-06-18 11:02:17,580 WARNING pdfminer.pdfinterp Cannot set gray stroke color because /'P260' is an invalid float value
2026-06-18 11:02:17,725 WARNING pdfminer.pdfinterp Cannot set gray stroke color because /'P261' is an invalid float value
2026-06-18 11:02:17,864 WARNING pdfminer.pdfinterp Cannot set gray stroke color because /'P262' is an invalid float value
2026-06-18 11:02:18,094 WARNING pdfminer.pdfinterp Cannot set gray stroke color because /'P263' is an invalid float value
2026-06-18 11:02:18,180 WARNING pdfminer.pdfinterp Cannot set gray stroke color because /'P264' is an invalid float value
2026-06-18 11:02:18,180 WARNING pdfminer.pdfinterp Cannot set gray stroke color because /'P265' is an invalid float value
2026-06-18 11:02:18,181 WARNING pdfminer.pdfinterp Cannot set gray stroke color because /'P266' is an invalid float value
2026-06-18 11:02:18,182 WARNING pdfminer.pdfinterp Cannot set gray stroke color because /'P267' is an invalid float value
2026-06-18 11:02:18,183 WARNING pdfminer.pdfinterp Cannot set gray stroke color because /'P268' is an invalid float value
2026-06-18 11:02:18,184 WARNING pdfminer.pdfinterp Cannot set gray stroke color because /'P269' is an invalid float value
2026-06-18 11:02:18,185 WARNING pdfminer.pdfinterp Cannot set gray stroke color because /'P270' is an invalid float value
2026-06-18 11:02:18,185 WARNING pdfminer.pdfinterp Cannot set gray stroke color because /'P271' is an invalid float value
2026-06-18 11:02:28,293 WARNING pdfminer.pdfinterp Cannot set gray stroke color because /'P0' is an invalid float value
2026-06-18 11:02:28,294 WARNING pdfminer.pdfinterp Cannot set gray stroke color because /'P1' is an invalid float value
2026-06-18 11:02:28,298 WARNING pdfminer.pdfinterp Cannot set gray stroke color because /'P2' is an invalid float value
2026-06-18 11:02:28,298 WARNING pdfminer.pdfinterp Cannot set gray stroke color because /'P3' is an invalid float value
2026-06-18 11:02:28,299 WARNING pdfminer.pdfinterp Cannot set gray stroke color because /'P4' is an invalid float value
2026-06-18 11:02:28,299 WARNING pdfminer.pdfinterp Cannot set gray stroke color because /'P5' is an invalid float value
2026-06-18 11:02:28,300 WARNING pdfminer.pdfinterp Cannot set gray stroke color because /'P6' is an invalid float value
2026-06-18 11:02:28,314 WARNING pdfminer.pdfinterp Cannot set gray stroke color because /'P7' is an invalid float value
2026-06-18 11:02:28,342 WARNING pdfminer.pdfinterp Cannot set gray stroke color because /'P0' is an invalid float value
2026-06-18 11:02:28,343 WARNING pdfminer.pdfinterp Cannot set gray stroke color because /'P1' is an invalid float value
2026-06-18 11:02:28,344 WARNING pdfminer.pdfinterp Cannot set gray stroke color because /'P2' is an invalid float value
2026-06-18 11:02:29,361 WARNING pdfminer.pdfinterp Cannot set gray stroke color because /'P0' is an invalid float value
2026-06-18 11:02:29,362 WARNING pdfminer.pdfinterp Cannot set gray stroke color because /'P1' is an invalid float value
2026-06-18 11:02:29,388 WARNING pdfminer.pdfinterp Cannot set gray stroke color because /'P0' is an invalid float value
2026-06-18 11:02:29,389 WARNING pdfminer.pdfinterp Cannot set gray stroke color because /'P1' is an invalid float value
2026-06-18 11:02:29,420 WARNING pdfminer.pdfinterp Cannot set gray stroke color because /'P0' is an invalid float value
2026-06-18 11:02:29,420 WARNING pdfminer.pdfinterp Cannot set gray stroke color because /'P1' is an invalid float value
2026-06-18 11:02:30,847 WARNING pdfminer.pdfinterp Cannot set gray stroke color because /'P0' is an invalid float value
2026-06-18 11:02:31,463 WARNING pdfminer.pdfinterp Cannot set gray stroke color because /'P0' is an invalid float value
2026-06-18 11:02:31,463 WARNING pdfminer.pdfinterp Cannot set gray stroke color because /'P1' is an invalid float value
2026-06-18 11:02:31,692 WARNING pdfminer.pdfinterp Cannot set gray stroke color because /'P0' is an invalid float value
2026-06-18 11:02:31,693 WARNING pdfminer.pdfinterp Cannot set gray stroke color because /'P1' is an invalid float value
2026-06-18 11:02:31,718 WARNING pdfminer.pdfinterp Cannot set gray stroke color because /'P0' is an invalid float value
2026-06-18 11:02:31,719 WARNING pdfminer.pdfinterp Cannot set gray stroke color because /'P1' is an invalid float value
2026-06-18 11:02:31,781 WARNING pdfminer.pdfinterp Cannot set gray stroke color because /'P0' is an invalid float value
2026-06-18 11:02:31,782 WARNING pdfminer.pdfinterp Cannot set gray stroke color because /'P1' is an invalid float value
2026-06-18 11:02:35,561 WARNING pdfminer.pdfinterp Cannot set gray stroke color because /'P0' is an invalid float value
2026-06-18 11:02:35,562 WARNING pdfminer.pdfinterp Cannot set gray stroke color because /'P0' is an invalid float value
2026-06-18 11:02:35,563 WARNING pdfminer.pdfinterp Cannot set gray stroke color because /'P1' is an invalid float value
2026-06-18 11:02:35,564 WARNING pdfminer.pdfinterp Cannot set gray stroke color because /'P2' is an invalid float value
2026-06-18 11:02:35,565 WARNING pdfminer.pdfinterp Cannot set gray stroke color because /'P3' is an invalid float value
2026-06-18 11:02:35,565 WARNING pdfminer.pdfinterp Cannot set gray stroke color because /'P4' is an invalid float value
2026-06-18 11:02:35,566 WARNING pdfminer.pdfinterp Cannot set gray stroke color because /'P5' is an invalid float value
2026-06-18 11:02:35,568 WARNING pdfminer.pdfinterp Cannot set gray stroke color because /'P6' is an invalid float value
2026-06-18 11:02:35,569 WARNING pdfminer.pdfinterp Cannot set gray stroke color because /'P7' is an invalid float value
2026-06-18 11:02:35,570 WARNING pdfminer.pdfinterp Cannot set gray stroke color because /'P8' is an invalid float value
2026-06-18 11:02:35,571 WARNING pdfminer.pdfinterp Cannot set gray stroke color because /'P9' is an invalid float value
2026-06-18 11:02:35,572 WARNING pdfminer.pdfinterp Cannot set gray stroke color because /'P10' is an invalid float value
2026-06-18 11:02:35,573 WARNING pdfminer.pdfinterp Cannot set gray stroke color because /'P11' is an invalid float value
2026-06-18 11:02:35,575 WARNING pdfminer.pdfinterp Cannot set gray stroke color because /'P12' is an invalid float value
2026-06-18 11:02:35,576 WARNING pdfminer.pdfinterp Cannot set gray stroke color because /'P13' is an invalid float value
2026-06-18 11:02:35,577 WARNING pdfminer.pdfinterp Cannot set gray stroke color because /'P14' is an invalid float value
2026-06-18 11:02:35,577 WARNING pdfminer.pdfinterp Cannot set gray stroke color because /'P15' is an invalid float value
2026-06-18 11:02:35,578 WARNING pdfminer.pdfinterp Cannot set gray stroke color because /'P16' is an invalid float value
2026-06-18 11:02:35,579 WARNING pdfminer.pdfinterp Cannot set gray stroke color because /'P0' is an invalid float value
2026-06-18 11:02:35,581 WARNING pdfminer.pdfinterp Cannot set gray stroke color because /'P0' is an invalid float value
2026-06-18 11:02:35,645 WARNING pdfminer.pdfinterp Cannot set gray stroke color because /'P0' is an invalid float value
2026-06-18 11:02:35,646 WARNING pdfminer.pdfinterp Cannot set gray stroke color because /'P0' is an invalid float value
2026-06-18 11:02:35,647 WARNING pdfminer.pdfinterp Cannot set gray stroke color because /'P0' is an invalid float value
2026-06-18 11:02:35,647 WARNING pdfminer.pdfinterp Cannot set gray stroke color because /'P1' is an invalid float value
2026-06-18 11:02:35,648 WARNING pdfminer.pdfinterp Cannot set gray stroke color because /'P0' is an invalid float value
2026-06-18 11:02:35,649 WARNING pdfminer.pdfinterp Cannot set gray stroke color because /'P2' is an invalid float value
2026-06-18 11:02:35,650 WARNING pdfminer.pdfinterp Cannot set gray stroke color because /'P0' is an invalid float value
2026-06-18 11:02:35,650 WARNING pdfminer.pdfinterp Cannot set gray stroke color because /'P3' is an invalid float value
2026-06-18 11:02:35,651 WARNING pdfminer.pdfinterp Cannot set gray stroke color because /'P4' is an invalid float value
2026-06-18 11:02:35,651 WARNING pdfminer.pdfinterp Cannot set gray stroke color because /'P5' is an invalid float value
2026-06-18 11:02:35,651 WARNING pdfminer.pdfinterp Cannot set gray stroke color because /'P6' is an invalid float value
2026-06-18 11:02:35,651 WARNING pdfminer.pdfinterp Cannot set gray stroke color because /'P7' is an invalid float value
2026-06-18 11:02:35,652 WARNING pdfminer.pdfinterp Cannot set gray stroke color because /'P8' is an invalid float value
2026-06-18 11:02:35,652 WARNING pdfminer.pdfinterp Cannot set gray stroke color because /'P9' is an invalid float value
2026-06-18 11:02:35,652 WARNING pdfminer.pdfinterp Cannot set gray stroke color because /'P10' is an invalid float value
2026-06-18 11:02:35,652 WARNING pdfminer.pdfinterp Cannot set gray stroke color because /'P11' is an invalid float value
2026-06-18 11:02:35,653 WARNING pdfminer.pdfinterp Cannot set gray stroke color because /'P0' is an invalid float value
2026-06-18 11:02:35,653 WARNING pdfminer.pdfinterp Cannot set gray stroke color because /'P0' is an invalid float value
2026-06-18 11:02:35,653 WARNING pdfminer.pdfinterp Cannot set gray stroke color because /'P12' is an invalid float value
2026-06-18 11:02:35,654 WARNING pdfminer.pdfinterp Cannot set gray stroke color because /'P0' is an invalid float value
2026-06-18 11:02:35,655 WARNING pdfminer.pdfinterp Cannot set gray stroke color because /'P1' is an invalid float value
2026-06-18 11:02:35,655 WARNING pdfminer.pdfinterp Cannot set gray stroke color because /'P13' is an invalid float value
2026-06-18 11:02:35,656 WARNING pdfminer.pdfinterp Cannot set gray stroke color because /'P0' is an invalid float value
2026-06-18 11:02:35,656 WARNING pdfminer.pdfinterp Cannot set gray stroke color because /'P1' is an invalid float value
2026-06-18 11:02:35,657 WARNING pdfminer.pdfinterp Cannot set gray stroke color because /'P14' is an invalid float value
2026-06-18 11:02:42,961 WARNING pdfminer.pdfinterp Cannot set gray non-stroke color because /'P0' is an invalid float value
2026-06-18 11:03:25,505 WARNING pdfminer.pdfinterp Cannot set gray stroke color because /'P1' is an invalid float value
2026-06-18 11:03:25,506 WARNING pdfminer.pdfinterp Cannot set gray stroke color because /'P2' is an invalid float value
2026-06-18 11:03:25,506 WARNING pdfminer.pdfinterp Cannot set gray stroke color because /'P3' is an invalid float value
2026-06-18 11:03:25,507 WARNING pdfminer.pdfinterp Cannot set gray stroke color because /'P4' is an invalid float value
2026-06-18 11:03:25,507 WARNING pdfminer.pdfinterp Cannot set gray stroke color because /'P5' is an invalid float value
2026-06-18 11:03:25,507 WARNING pdfminer.pdfinterp Cannot set gray stroke color because /'P6' is an invalid float value
2026-06-18 11:03:27,360 WARNING pdfminer.pdfinterp Cannot set gray stroke color because /'P77' is an invalid float value
2026-06-18 11:03:27,361 WARNING pdfminer.pdfinterp Cannot set gray stroke color because /'P78' is an invalid float value
2026-06-18 11:03:27,361 WARNING pdfminer.pdfinterp Cannot set gray stroke color because /'P79' is an invalid float value
2026-06-18 11:03:27,362 WARNING pdfminer.pdfinterp Cannot set gray stroke color because /'P80' is an invalid float value
2026-06-18 11:03:27,362 WARNING pdfminer.pdfinterp Cannot set gray stroke color because /'P81' is an invalid float value
2026-06-18 11:03:27,363 WARNING pdfminer.pdfinterp Cannot set gray stroke color because /'P82' is an invalid float value
2026-06-18 11:03:27,363 WARNING pdfminer.pdfinterp Cannot set gray stroke color because /'P83' is an invalid float value
2026-06-18 11:03:27,364 WARNING pdfminer.pdfinterp Cannot set gray stroke color because /'P84' is an invalid float value
2026-06-18 11:03:27,364 WARNING pdfminer.pdfinterp Cannot set gray stroke color because /'P85' is an invalid float value
2026-06-18 11:03:27,365 WARNING pdfminer.pdfinterp Cannot set gray stroke color because /'P86' is an invalid float value
2026-06-18 11:03:27,366 WARNING pdfminer.pdfinterp Cannot set gray stroke color because /'P87' is an invalid float value
2026-06-18 11:03:27,366 WARNING pdfminer.pdfinterp Cannot set gray stroke color because /'P88' is an invalid float value
2026-06-18 11:03:27,366 WARNING pdfminer.pdfinterp Cannot set gray stroke color because /'P89' is an invalid float value
2026-06-18 11:03:27,367 WARNING pdfminer.pdfinterp Cannot set gray stroke color because /'P90' is an invalid float value
2026-06-18 11:03:27,367 WARNING pdfminer.pdfinterp Cannot set gray stroke color because /'P91' is an invalid float value
2026-06-18 11:03:27,368 WARNING pdfminer.pdfinterp Cannot set gray stroke color because /'P92' is an invalid float value
2026-06-18 11:03:27,368 WARNING pdfminer.pdfinterp Cannot set gray stroke color because /'P93' is an invalid float value
2026-06-18 11:03:27,368 WARNING pdfminer.pdfinterp Cannot set gray stroke color because /'P94' is an invalid float value
2026-06-18 11:03:27,369 WARNING pdfminer.pdfinterp Cannot set gray stroke color because /'P7' is an invalid float value
2026-06-18 11:03:27,369 WARNING pdfminer.pdfinterp Cannot set gray stroke color because /'P8' is an invalid float value
2026-06-18 11:03:27,369 WARNING pdfminer.pdfinterp Cannot set gray stroke color because /'P9' is an invalid float value
2026-06-18 11:03:27,369 WARNING pdfminer.pdfinterp Cannot set gray stroke color because /'P10' is an invalid float value
2026-06-18 11:03:27,369 WARNING pdfminer.pdfinterp Cannot set gray stroke color because /'P11' is an invalid float value
2026-06-18 11:03:27,370 WARNING pdfminer.pdfinterp Cannot set gray stroke color because /'P12' is an invalid float value
2026-06-18 11:03:27,372 WARNING pdfminer.pdfinterp Cannot set gray stroke color because /'P13' is an invalid float value
2026-06-18 11:03:27,372 WARNING pdfminer.pdfinterp Cannot set gray stroke color because /'P14' is an invalid float value
2026-06-18 11:03:27,373 WARNING pdfminer.pdfinterp Cannot set gray stroke color because /'P15' is an invalid float value
2026-06-18 11:03:27,374 WARNING pdfminer.pdfinterp Cannot set gray stroke color because /'P16' is an invalid float value
2026-06-18 11:03:27,375 WARNING pdfminer.pdfinterp Cannot set gray stroke color because /'P17' is an invalid float value
2026-06-18 11:03:27,376 WARNING pdfminer.pdfinterp Cannot set gray stroke color because /'P18' is an invalid float value
2026-06-18 11:03:27,377 WARNING pdfminer.pdfinterp Cannot set gray stroke color because /'P19' is an invalid float value
2026-06-18 11:03:27,377 WARNING pdfminer.pdfinterp Cannot set gray stroke color because /'P20' is an invalid float value
2026-06-18 11:03:27,378 WARNING pdfminer.pdfinterp Cannot set gray stroke color because /'P21' is an invalid float value
2026-06-18 11:03:27,378 WARNING pdfminer.pdfinterp Cannot set gray stroke color because /'P22' is an invalid float value
2026-06-18 11:03:27,379 WARNING pdfminer.pdfinterp Cannot set gray stroke color because /'P23' is an invalid float value
2026-06-18 11:03:27,380 WARNING pdfminer.pdfinterp Cannot set gray stroke color because /'P24' is an invalid float value
2026-06-18 11:03:27,381 WARNING pdfminer.pdfinterp Cannot set gray stroke color because /'P25' is an invalid float value
2026-06-18 11:03:27,382 WARNING pdfminer.pdfinterp Cannot set gray stroke color because /'P26' is an invalid float value
2026-06-18 11:03:27,383 WARNING pdfminer.pdfinterp Cannot set gray stroke color because /'P27' is an invalid float value
2026-06-18 11:03:27,383 WARNING pdfminer.pdfinterp Cannot set gray stroke color because /'P28' is an invalid float value
2026-06-18 11:03:27,384 WARNING pdfminer.pdfinterp Cannot set gray stroke color because /'P29' is an invalid float value
2026-06-18 11:03:27,385 WARNING pdfminer.pdfinterp Cannot set gray stroke color because /'P30' is an invalid float value
2026-06-18 11:03:27,387 WARNING pdfminer.pdfinterp Cannot set gray stroke color because /'P31' is an invalid float value
2026-06-18 11:03:27,388 WARNING pdfminer.pdfinterp Cannot set gray stroke color because /'P32' is an invalid float value
2026-06-18 11:03:27,388 WARNING pdfminer.pdfinterp Cannot set gray stroke color because /'P33' is an invalid float value
2026-06-18 11:03:27,388 WARNING pdfminer.pdfinterp Cannot set gray stroke color because /'P34' is an invalid float value
2026-06-18 11:03:27,389 WARNING pdfminer.pdfinterp Cannot set gray stroke color because /'P35' is an invalid float value
2026-06-18 11:03:27,389 WARNING pdfminer.pdfinterp Cannot set gray stroke color because /'P36' is an invalid float value
2026-06-18 11:03:27,389 WARNING pdfminer.pdfinterp Cannot set gray stroke color because /'P37' is an invalid float value
2026-06-18 11:03:27,390 WARNING pdfminer.pdfinterp Cannot set gray stroke color because /'P38' is an invalid float value
2026-06-18 11:03:27,390 WARNING pdfminer.pdfinterp Cannot set gray stroke color because /'P39' is an invalid float value
2026-06-18 11:03:27,390 WARNING pdfminer.pdfinterp Cannot set gray stroke color because /'P40' is an invalid float value
2026-06-18 11:03:27,391 WARNING pdfminer.pdfinterp Cannot set gray stroke color because /'P41' is an invalid float value
2026-06-18 11:03:27,391 WARNING pdfminer.pdfinterp Cannot set gray stroke color because /'P42' is an invalid float value
2026-06-18 11:03:27,391 WARNING pdfminer.pdfinterp Cannot set gray stroke color because /'P43' is an invalid float value
2026-06-18 11:03:27,392 WARNING pdfminer.pdfinterp Cannot set gray stroke color because /'P44' is an invalid float value
2026-06-18 11:03:27,392 WARNING pdfminer.pdfinterp Cannot set gray stroke color because /'P45' is an invalid float value
2026-06-18 11:03:27,393 WARNING pdfminer.pdfinterp Cannot set gray stroke color because /'P46' is an invalid float value
2026-06-18 11:03:27,393 WARNING pdfminer.pdfinterp Cannot set gray stroke color because /'P47' is an invalid float value
2026-06-18 11:03:27,393 WARNING pdfminer.pdfinterp Cannot set gray stroke color because /'P48' is an invalid float value
2026-06-18 11:03:27,393 WARNING pdfminer.pdfinterp Cannot set gray stroke color because /'P49' is an invalid float value
2026-06-18 11:03:27,394 WARNING pdfminer.pdfinterp Cannot set gray stroke color because /'P50' is an invalid float value
2026-06-18 11:03:27,394 WARNING pdfminer.pdfinterp Cannot set gray stroke color because /'P51' is an invalid float value
2026-06-18 11:03:27,394 WARNING pdfminer.pdfinterp Cannot set gray stroke color because /'P52' is an invalid float value
2026-06-18 11:03:27,395 WARNING pdfminer.pdfinterp Cannot set gray stroke color because /'P53' is an invalid float value
2026-06-18 11:03:27,396 WARNING pdfminer.pdfinterp Cannot set gray stroke color because /'P54' is an invalid float value
2026-06-18 11:03:27,396 WARNING pdfminer.pdfinterp Cannot set gray stroke color because /'P55' is an invalid float value
2026-06-18 11:03:27,397 WARNING pdfminer.pdfinterp Cannot set gray stroke color because /'P56' is an invalid float value
2026-06-18 11:03:27,397 WARNING pdfminer.pdfinterp Cannot set gray stroke color because /'P57' is an invalid float value
2026-06-18 11:03:27,397 WARNING pdfminer.pdfinterp Cannot set gray stroke color because /'P58' is an invalid float value
2026-06-18 11:03:27,397 WARNING pdfminer.pdfinterp Cannot set gray stroke color because /'P59' is an invalid float value
2026-06-18 11:03:27,398 WARNING pdfminer.pdfinterp Cannot set gray stroke color because /'P60' is an invalid float value
2026-06-18 11:03:27,398 WARNING pdfminer.pdfinterp Cannot set gray stroke color because /'P61' is an invalid float value
2026-06-18 11:03:27,398 WARNING pdfminer.pdfinterp Cannot set gray stroke color because /'P62' is an invalid float value
2026-06-18 11:03:27,399 WARNING pdfminer.pdfinterp Cannot set gray stroke color because /'P63' is an invalid float value
2026-06-18 11:03:27,399 WARNING pdfminer.pdfinterp Cannot set gray stroke color because /'P64' is an invalid float value
2026-06-18 11:03:27,399 WARNING pdfminer.pdfinterp Cannot set gray stroke color because /'P65' is an invalid float value
2026-06-18 11:03:27,399 WARNING pdfminer.pdfinterp Cannot set gray stroke color because /'P66' is an invalid float value
2026-06-18 11:03:27,400 WARNING pdfminer.pdfinterp Cannot set gray stroke color because /'P67' is an invalid float value
2026-06-18 11:03:27,400 WARNING pdfminer.pdfinterp Cannot set gray stroke color because /'P68' is an invalid float value
2026-06-18 11:03:27,400 WARNING pdfminer.pdfinterp Cannot set gray stroke color because /'P69' is an invalid float value
2026-06-18 11:03:27,401 WARNING pdfminer.pdfinterp Cannot set gray stroke color because /'P70' is an invalid float value
2026-06-18 11:03:27,401 WARNING pdfminer.pdfinterp Cannot set gray stroke color because /'P71' is an invalid float value
2026-06-18 11:03:27,401 WARNING pdfminer.pdfinterp Cannot set gray stroke color because /'P72' is an invalid float value
2026-06-18 11:03:27,402 WARNING pdfminer.pdfinterp Cannot set gray stroke color because /'P73' is an invalid float value
2026-06-18 11:03:27,402 WARNING pdfminer.pdfinterp Cannot set gray stroke color because /'P74' is an invalid float value
2026-06-18 11:03:27,405 WARNING pdfminer.pdfinterp Cannot set gray stroke color because /'P75' is an invalid float value
2026-06-18 11:03:27,405 WARNING pdfminer.pdfinterp Cannot set gray stroke color because /'P76' is an invalid float value
2026-06-18 11:05:26,094 WARNING pdfminer.pdfinterp Cannot set gray stroke color because /'P0' is an invalid float value
2026-06-18 11:05:34,695 WARNING pdfminer.pdfinterp Cannot set gray stroke color because /'P0' is an invalid float value
2026-06-18 11:05:40,052 WARNING pdfminer.pdfinterp Cannot set gray stroke color because /'P0' is an invalid float value
2026-06-18 11:05:40,052 WARNING pdfminer.pdfinterp Cannot set gray stroke color because /'P1' is an invalid float value
2026-06-18 11:05:40,053 WARNING pdfminer.pdfinterp Cannot set gray stroke color because /'P2' is an invalid float value
2026-06-18 11:05:40,053 WARNING pdfminer.pdfinterp Cannot set gray stroke color because /'P3' is an invalid float value
2026-06-18 11:05:40,228 WARNING pdfminer.pdfinterp Cannot set gray stroke color because /'P0' is an invalid float value
2026-06-18 11:05:40,228 WARNING pdfminer.pdfinterp Cannot set gray stroke color because /'P1' is an invalid float value
2026-06-18 11:05:40,230 WARNING pdfminer.pdfinterp Cannot set gray stroke color because /'P2' is an invalid float value
2026-06-18 11:05:41,036 WARNING pdfminer.pdfinterp Cannot set gray stroke color because /'P0' is an invalid float value
2026-06-18 11:05:41,037 WARNING pdfminer.pdfinterp Cannot set gray stroke color because /'P1' is an invalid float value
2026-06-18 11:05:41,037 WARNING pdfminer.pdfinterp Cannot set gray stroke color because /'P2' is an invalid float value
2026-06-18 11:05:41,038 WARNING pdfminer.pdfinterp Cannot set gray stroke color because /'P3' is an invalid float value
2026-06-18 11:05:41,038 WARNING pdfminer.pdfinterp Cannot set gray stroke color because /'P4' is an invalid float value
2026-06-18 11:05:41,038 WARNING pdfminer.pdfinterp Cannot set gray stroke color because /'P5' is an invalid float value
2026-06-18 11:05:41,038 WARNING pdfminer.pdfinterp Cannot set gray stroke color because /'P6' is an invalid float value
2026-06-18 11:05:41,039 WARNING pdfminer.pdfinterp Cannot set gray stroke color because /'P7' is an invalid float value
2026-06-18 11:05:43,014 WARNING pdfminer.pdfinterp Cannot set gray stroke color because /'P0' is an invalid float value
2026-06-18 11:05:46,621 WARNING pdfminer.pdfinterp Cannot set gray stroke color because /'P0' is an invalid float value
2026-06-18 13:23:11,964 INFO __main__ Completed ESG corpus pipeline in 8513.576s
